Sprzęt,Kod,,
NARTY NORDICA BELLE 73 144 cm /2025 //01,A01428,,
NARTY NORDICA BELLE 73 144 cm /2025 //02,A01429,,
NARTY NORDICA BELLE 73 144 cm /2025 //03,A01430,,
NARTY NORDICA BELLE 73 144 cm /2025 //04,A01431,,
NARTY NORDICA BELLE 73 144 cm /2025 //05,A01432,,
NARTY NORDICA BELLE 73 144 cm /2025 //06,A01394,,
NARTY NORDICA BELLE 73 144 cm /2025 //07,A01391,,
NARTY NORDICA BELLE 73 144 cm /2025 //08,A01395,,
NARTY NORDICA BELLE 73 144 cm /2025 //09,A01396,,
NARTY NORDICA BELLE 73 144 cm /2025 //10,A01745,,
NARTY NORDICA BELLE 73 144 cm /2025 //11,A01746,,
NARTY NORDICA BELLE 73 144 cm /2025 //12,A01747,,
NARTY NORDICA BELLE 73 144 cm /2025 //13,A01573,,
NARTY NORDICA BELLE 73 144 cm /2025 //14,A01748,,
NARTY NORDICA BELLE 73 144 cm /2025 //15,A01574,,
NARTY NORDICA BELLE 73 144 cm /2025 //16,A01749,,
NARTY NORDICA BELLE 73 144 cm /2025 //17,A01575,,
NARTY NORDICA BELLE 73 144 cm /2025 //18,A01750,,
NARTY NORDICA BELLE 73 144 cm /2025 //19,A01576,,
NARTY HEAD SHAPE 3.0 149 cm /2025 /01,A00895,,
NARTY HEAD SHAPE 3.0 149 cm /2025 /02,A00894,,
NARTY HEAD SHAPE 3.0 149 cm /2025 /03,A00896,,
NARTY HEAD SHAPE 3.0 149 cm /2025 /04,GM86,,
NARTY HEAD SHAPE 3.0 149 cm /2025 /05,BW49,,
NARTY HEAD SHAPE 3.0 149 cm /2025 /06,FO89,,
NARTY HEAD SHAPE 3.0 149 cm /2025 /07,DM30,,
NARTY HEAD SHAPE 3.0 149 cm /2025 /08,FO96,,
NARTY HEAD SHAPE 3.0 149 cm /2025 /09,GM84,,
NARTY HEAD SHAPE 3.0 149 cm /2025 /10,FO92,,
NARTY HEAD SHAPE 3.0 149 cm /2025 /11,FO91,,
NARTY HEAD SHAPE 3.0 149 cm /2025 /12,FO83,,
NARTY HEAD SHAPE 3.0 149 cm /2025 /13,DK33,,
NARTY HEAD SHAPE 3.0 149 cm /2025 /14,BR33,,
NARTY HEAD SHAPE 3.0 149 cm /2025 /15,DM32,,
NARTY HEAD SHAPE 3.0 149 cm /2024 //01,BB27,,
NARTY HEAD SHAPE 3.0 149 cm /2024 //02,BB22,,
NARTY HEAD SHAPE 3.0 149 cm /2024 //03,BB33,,
NARTY HEAD SHAPE 3.0 149 cm /2024 //04,BB32,,
NARTY NORDICA BELLE 73 150 cm /2025 //01,A01735,,
NARTY NORDICA BELLE 73 150 cm /2025 //02,A01736,,
NARTY NORDICA BELLE 73 150 cm /2025 //03,A01737,,
NARTY NORDICA BELLE 73 150 cm /2025 //04,A01739,,
NARTY NORDICA BELLE 73 150 cm /2025 //05,A01738,,
NARTY NORDICA BELLE 73 150 cm /2025 //06,A01740,,
NARTY NORDICA BELLE 73 150 cm /2025 //07,A01741,,
NARTY NORDICA BELLE 73 150 cm /2025 //08,A01742,,
NARTY NORDICA BELLE 73 150 cm /2025 //09,A01743,,
NARTY NORDICA BELLE 73 150 cm /2025 //10,A01744,,
NARTY NORDICA SPITFIRE 73 R 150cm /2025 //01,FO27,,
NARTY NORDICA SPITFIRE 73 R 150cm /2025 //02,GM46,,
NARTY NORDICA ALLDRIVE W 74 150cm /2024 //01,50355730,,
NARTY NORDICA ALLDRIVE W 74 150cm /2024 //02,50395824,,
NARTY NORDICA ALLDRIVE W 74 150cm /2024 //03,50357459,,
NARTY NORDICA ALLDRIVE W 74 150cm /2024 //04,50398538,,
NARTY NORDICA ALLDRIVE W 74 150cm /2024 //05,50405663,,
NARTY NORDICA ALLDRIVE W 74 150cm /2024 //06,50404125,,
NARTY NORDICA ALLDRIVE W 74 150cm /2024 //07,50407331,,
NARTY NORDICA ALLDRIVE W 74 150cm /2024 //08,50395822,,
NARTY NORDICA ALLDRIVE W 74 150cm /2024 //09,50395359,,
NARTY NORDICA ALLDRIVE W 74 150cm /2024 //10,50402714,,
NARTY VOLKL PEREGRINE 7.2 151 cm /2025 //01,GJ08,,
NARTY VOLKL PEREGRINE 7.2 151 cm /2025 //02,EK51,,
NARTY VOLKL PEREGRINE 7.2 151 cm /2025 //03,BL87,,
NARTY HEAD SHAPE 3.0 156 cm /2025 /01,FO73,,
NARTY HEAD SHAPE 3.0 156 cm /2025 /02,DK04,,
NARTY HEAD SHAPE 3.0 156 cm /2025 /03,DK03,,
NARTY HEAD SHAPE 3.0 156 cm /2025 /04,BR02,,
NARTY HEAD SHAPE 3.0 156 cm /2025 /05,FO82,,
NARTY HEAD SHAPE 3.0 156 cm /2025 /06,A00897,,
NARTY HEAD SHAPE 3.0 156 cm /2025 /07,A00898,,
NARTY HEAD SHAPE 3.0 156 cm /2025 /08,A00899,,
NARTY HEAD SHAPE 3.0 156 cm /2025 /09,A00900,,
NARTY HEAD SHAPE 3.0 156 cm /2025 /10,A00901,,
NARTY HEAD SHAPE 3.0 156 cm /2025 /11,A00902,,
NARTY HEAD SHAPE 3.0 156 cm /2025 /12,A00903,,
NARTY HEAD SHAPE 3.0 156 cm /2025 /13,A00904,,
NARTY HEAD SHAPE 3.0 156 cm /2025 /14,A00905,,
NARTY HEAD SHAPE 3.0 156 cm /2025 /15,BR03,,
NARTY HEAD SHAPE 3.0 156 cm /2025 /16,A00906,,
NARTY HEAD SHAPE 3.0 156 cm /2025 /17,BR07,,
NARTY HEAD SHAPE 3.0 156 cm /2025 /18,DJ96,,
NARTY HEAD SHAPE 3.0 156 cm /2025 /19,BR13,,
NARTY HEAD SHAPE 3.0 156 cm /2025 /20,BQ98,,
NARTY HEAD SHAPE 3.0 156 cm /2025 /21,DK02,,
NARTY HEAD SHAPE 3.0 156 cm /2025 /22,DM38,,
NARTY HEAD SHAPE 3.0 156 cm /2025 /23,GM76,,
NARTY HEAD SHAPE 3.0 156 cm /2025 /24,BW60,,
NARTY HEAD SHAPE 3.0 156 cm /2025 /25,FO67,,
NARTY HEAD SHAPE 3.0 156 cm /2025 /26,FO77,,
NARTY HEAD SHAPE 3.0 156 cm /2025 /27,FO71,,
NARTY HEAD SHAPE 3.0 156 cm /2025 /28,BW75,,
NARTY HEAD SHAPE 3.0 156 cm /2025 /29,DM40,,
NARTY HEAD SHAPE 3.0 156 cm /2025 /30,FO72,,
NARTY HEAD SHAPE 3.0 156 cm /2025 /31,FO78,,
NARTY HEAD SHAPE 3.0 156 cm /2025 /32,FO74,,
NARTY HEAD SHAPE 3.0 156 cm /2025 /33,FO76,,
NARTY HEAD SHAPE 3.0 156 cm /2025 /34,FO69,,
NARTY HEAD SHAPE 3.0 156 cm /2025 /35,BR00,,
NARTY HEAD SHAPE 3.0 156 cm /2024 /01,A00907,,
NARTY HEAD SHAPE 3.0 156 cm /2024 /02,A00908,,
NARTY HEAD SHAPE 3.0 156 cm /2024 /03,BB50,,
NARTY HEAD SHAPE 3.0 156 cm /2024 /04,BB45,,
NARTY HEAD SHAPE 3.0 156 cm /2024 /05,A00909,,
NARTY NORDICA SPITFIRE 73 R 156cm /2025 //01,FN94,,
NARTY NORDICA SPITFIRE 73 R 156cm /2025 //02,BW21,,
NARTY ATOMIC MAVEN 84 R 153cm /2025 //01,FN71,,
NARTY BLIZZARD FIREBIRD TI 154cm //01,A01498,,
NARTY BLIZZARD FIREBIRD TI 154cm //02,A01499,,
NARTY BLIZZARD FIREBIRD TI 154cm //03,A01500,,
NARTY VOLKL DEACON S 154cm /2024 //01,A00606,,
NARTY VOLKL DEACON S 154cm /2024 //02,A00656,,
NARTY VOLKL DEACON S 154cm /2024 //03,A00658,,
NARTY FISCHER THE CURV XTR 155cm /2024 //01,A01489,,
NARTY FISCHER THE CURV XTR 155cm /2024 //02,A01490,,
NARTY FISCHER THE CURV XTR 155cm /2024 //03,A01491,,
NARTY VOLKL PEREGRINE 7.2 158 cm /2025 //01,BL62,,
NARTY VOLKL PEREGRINE 7.2 158 cm /2025 //02,EK57,,
NARTY VOLKL PEREGRINE 7.2 158 cm /2025 //03,BL67,,
NARTY VOLKL PEREGRINE 7.2 158 cm /2025 //04,FK36,,
NARTY VOLKL PEREGRINE 7.2 158 cm /2025 //05,FK20,,
NARTY VOLKL DEACON 7.2 158cm /2024 //01,M190517,,
NARTY VOLKL DEACON 7.2 158cm /2024 //02,M162395,,
NARTY VOLKL DEACON 7.2 158cm /2024 //03,BD01,,
NARTY VOLKL DEACON 7.2 158cm /2024 //04,GB81,,
NARTY SALOMON S/MAX 8 160cm /2023 //01,627816,,
NARTY SALOMON S/MAX 8 160cm /2023 //02,634341,,
NARTY SALOMON S/MAX 8 160cm /2023 //03,A00604,,
NARTY BLIZZARD FIREBIRD TI 160cm //01,A01501,,
NARTY BLIZZARD FIREBIRD TI 160cm //02,A01502,,
NARTY BLIZZARD FIREBIRD TI 160cm //03,A01503,,
NARTY BLIZZARD FIREBIRD TI 160cm //04,A01504,,
NARTY FISCHER THE CURV XTR 160cm /2024 //01,A01492,,
NARTY FISCHER THE CURV XTR 160cm /2024 //02,A01493,,
NARTY VOLKL DEACON S 161cm /2025 //01,A00623,,
NARTY VOLKL DEACON S 161cm /2025 //02,A00676,,
NARTY VOLKL DEACON S 161cm /2025 //03,A00680,,
NARTY ATOMIC MAVEN 84 R 162cm /2025 //01,GM00,,
NARTY ATOMIC MAVEN 84 R 162cm /2025 //02,GM01,,
NARTY ATOMIC MAVERICK 84 R 162cm /2025 //01,EN27,,
NARTY NORDICA SPITFIRE 73 R 162cm /2024 //01,FE21,,
NARTY NORDICA SPITFIRE 73 R 162cm /2024 //02,FF03,,
NARTY HEAD SHAPE 3.0 163 cm /2025 /01,A00910,,
NARTY HEAD SHAPE 3.0 163 cm /2025 /02,A00911,,
NARTY HEAD SHAPE 3.0 163 cm /2025 /03,A00912,,
NARTY HEAD SHAPE 3.0 163 cm /2025 /04,A00913,,
NARTY HEAD SHAPE 3.0 163 cm /2025 /05,A00914,,
NARTY HEAD SHAPE 3.0 163 cm /2025 /06,A00915,,
NARTY HEAD SHAPE 3.0 163 cm /2025 /07,A00916,,
NARTY HEAD SHAPE 3.0 163 cm /2025 /08,A00917,,
NARTY HEAD SHAPE 3.0 163 cm /2025 /09,A00918,,
NARTY HEAD SHAPE 3.0 163 cm /2025 /10,A01566,,
NARTY HEAD SHAPE 3.0 163 cm /2025 /11,A01567,,
NARTY HEAD SHAPE 3.0 163 cm /2025 /12,FO45,,
NARTY HEAD SHAPE 3.0 163 cm /2025 /13,FO47,,
NARTY HEAD SHAPE 3.0 163 cm /2025 /14,BW76,,
NARTY HEAD SHAPE 3.0 163 cm /2025 /15,DM51,,
NARTY HEAD SHAPE 3.0 163 cm /2025 /16,BW77,,
NARTY HEAD SHAPE 3.0 163 cm /2025 /17,DM47,,
NARTY HEAD SHAPE 3.0 163 cm /2025 /18,BW64,,
NARTY HEAD SHAPE 3.0 163 cm /2025 /19,BW61,,
NARTY HEAD SHAPE 3.0 163 cm /2025 /20,GM55,,
NARTY HEAD SHAPE 3.0 163 cm /2025 /21,BQ94,,
NARTY HEAD SHAPE 3.0 163 cm /2025 /22,DK13,,
NARTY HEAD SHAPE 3.0 163 cm /2025 /23,FO52,,
NARTY HEAD SHAPE 3.0 163 cm /2025 /24,BQ90,,
NARTY HEAD SHAPE 3.0 163 cm /2025 /25,BQ79,,
NARTY HEAD SHAPE 3.0 163 cm /2025 /26,FO43,,
NARTY HEAD SHAPE 3.0 163 cm /2025 /27,BQ87,,
NARTY HEAD SHAPE 3.0 163 cm /2025 /28,FR99,,
NARTY HEAD SHAPE 3.0 163 cm /2025 /29,FO41,,
NARTY HEAD SHAPE 3.0 163 cm /2025 /30,BQ92,,
NARTY HEAD SHAPE 3.0 163 cm /2025 /31,BQ93,,
NARTY HEAD SHAPE 3.0 163 cm /2025 /32,FO44,,
NARTY HEAD SHAPE 3.0 163 cm /2025 /33,BW65,,
NARTY HEAD SHAPE 3.0 163 cm /2025 /34,DM52,,
NARTY HEAD SHAPE 3.0 163 cm /2025 /35,BQ96,,
NARTY HEAD SHAPE 3.0 163 cm /2025 /36,CG55,,
NARTY HEAD SHAPE 3.0 163 cm /2025 /37,DM55,,
NARTY HEAD SHAPE 3.0 163 cm /2025 /38,BW67,,
NARTY HEAD SHAPE 3.0 163 cm /2024 /01,A01627,,
NARTY HEAD SHAPE 3.0 163 cm /2024 /02,A01628,,
NARTY HEAD SHAPE 3.0 163 cm /2024 /03,A01629,,
NARTY HEAD SHAPE 3.0 163 cm /2024 /04,A01630,,
NARTY HEAD SHAPE 3.0 163 cm /2024 /05,A01522,,
NARTY HEAD SHAPE 3.0 163 cm /2024 /06,A01487,,
NARTY HEAD SHAPE 3.0 163 cm /2024 /07,A01488,,
NARTY VOLKL PEREGRINE 7.2 165 cm /2025 //01,BL11,,
NARTY VOLKL PEREGRINE 7.2 165 cm /2025 //02,BL12,,
NARTY VOLKL PEREGRINE 7.2 165 cm /2025 //03,BL04,,
NARTY VOLKL PEREGRINE 7.2 165 cm /2025 //04,BW19,,
NARTY VOLKL PEREGRINE 7.2 165 cm /2025 //05,BL08,,
NARTY VOLKL PEREGRINE 7.2 165 cm /2025 //06,FK09,,
NARTY VOLKL PEREGRINE 7.2 165 cm /2025 //07,EK38,,
NARTY VOLKL PEREGRINE 7.2 165 cm /2025 //08,BW11,,
NARTY VOLKL PEREGRINE 7.2 165 cm /2025 //09,BW20,,
NARTY VOLKL DEACON 7.2 165cm /2024 //001,BC77,,
NARTY VOLKL DEACON 7.2 165cm /2024 //002,GB62,,
NARTY FISCHER THE CURV XTR 165cm /2024 //01,A01494,,
NARTY FISCHER THE CURV XTR 165cm /2024 //02,A01495,,
NARTY BLIZZARD FIREBIRD TI 166cm //01,A01562,,
NARTY BLIZZARD FIREBIRD TI 166cm //02,A01563,,
NARTY BLIZZARD FIREBIRD TI 166cm //03,A01564,,
NARTY BLIZZARD FIREBIRD TI 166cm //04,A01565,,
NARTY NORDICA SPITFIRE 73 R 168cm /2025 //01,FN76,,
NARTY NORDICA SPITFIRE 73 R 168cm /2025 //02,BP89,,
NARTY NORDICA SPITFIRE 73 R 168cm /2025 //03,BW10,,
NARTY NORDICA SPITFIRE 73 R 168cm /2025 //04,EN42,,
NARTY NORDICA SPITFIRE 73 R 168cm /2025 //05,DJ57,,
NARTY NORDICA SPITFIRE 73 R 168cm /2025 //06,BP81,,
NARTY NORDICA SPITFIRE 73 R 168cm /2025 //07,BW13,,
NARTY NORDICA SPITFIRE 73 R 168cm /2024 //01,,,
NARTY NORDICA SPITFIRE 73 R 168cm /2024 //02,EE19,,
NARTY NORDICA SPITFIRE 73 R 168cm /2024 //03,,,
NARTY NORDICA SPITFIRE 73 R 168cm /2024 //04,GD51,,
NARTY HEAD SHAPE 3.0 170 cm /2025 /01,BQ67,,
NARTY HEAD SHAPE 3.0 170 cm /2025 /02,DM46,,
NARTY HEAD SHAPE 3.0 170 cm /2025 /03,BW69,,
NARTY HEAD SHAPE 3.0 170 cm /2025 /04,BW79,,
NARTY HEAD SHAPE 3.0 170 cm /2025 /05,FO61,,
NARTY HEAD SHAPE 3.0 170 cm /2025 /06,BQ68,,
NARTY HEAD SHAPE 3.0 170 cm /2025 /07,BQ76,,
NARTY HEAD SHAPE 3.0 170 cm /2025 /08,FO56,,
NARTY HEAD SHAPE 3.0 170 cm /2025 /09,GM59,,
NARTY HEAD SHAPE 3.0 170 cm /2025 /10,FO54,,
NARTY HEAD SHAPE 3.0 170 cm /2025 /11,W68,,
NARTY HEAD SHAPE 3.0 170 cm /2025 /12,DJ90,,
NARTY HEAD SHAPE 3.0 170 cm /2025 /13,A01568,,
NARTY HEAD SHAPE 3.0 170 cm /2025 /14,FO65,,
NARTY HEAD SHAPE 3.0 170 cm /2025 /15,DJ83,,
NARTY HEAD SHAPE 3.0 170cm /2024 //01,A01496,,
NARTY HEAD SHAPE 3.0 170cm /2024 //02,A01497,,
NARTY SALOMON S/MAX 8 170cm /2024 //01,A00586,,
NARTY SALOMON S/MAX 8 170cm /2024 //02,627858,,
NARTY SALOMON S/MAX 8 170cm /2024 //03,A01569,,
NARTY SALOMON S/MAX 8 170cm /2024 //04,627860,,
NARTY SALOMON S/MAX 8 170cm /2024 //05,627861,,
NARTY SALOMON S/MAX 8 170cm /2024 //06,A01571,,
NARTY SALOMON S/MAX 8 170cm /2024 //07,GW04,,
NARTY SALOMON S/MAX 8 170cm /2024 //08,634423,,
NARTY SALOMON S/MAX 8 170cm /2024 //09,A01570,,
NARTY SALOMON S/MAX 8 170cm /2024 //10,GC86,,
NARTY SALOMON S/MAX 8 170cm /2024 //11,A00556,,
NARTY SALOMON S/MAX 8 170cm /2024 //12,FD49,,
NARTY ATOMIC MAVERICK 84 R 171cm /2025 //01,BP66,,
NARTY ATOMIC MAVERICK 84 R 171cm /2025 //02,BP67,,
NARTY ATOMIC MAVERICK 84 R 171cm /2025 //03,CG26,,
NARTY ATOMIC MAVERICK 84 R 171cm /2025 //04,GL93,,
NARTY VOLKL DEACON 7.2 172cm /2024 //01,M136386,,
NARTY BLIZZARD FIREBIRD TI 172cm //01,A01561,,
NARTY BLIZZARD FIREBIRD TI 172cm //02,A01560,,
NARTY BLIZZARD FIREBIRD TI 172cm //03,A01559,,
,,,
NARTY KNEISSL MY STAR XC 144cm /2024 //01,A01364,,
NARTY KNEISSL MY STAR XC 144cm /2024 //02,A00922,,
NARTY ATOMIC CLOUD Q14 REVOSHOCK 144cm /2025 /01,A00928,,
NARTY ATOMIC CLOUD Q14 REVOSHOCK 144cm /2025 /02,A00963,,
NARTY AK PINK 146cm /2025 //01,A00924,,
NARTY AK PINK 146cm /2025 //02,A00925,,
NARTY ATOMIC CLOUD C14 REVOSHOCK 147cm /2025 //01,A00926,,
NARTY VOLKL FLAIR SC CARBON 148cm /2025 //01,A00927,,
NARTY HEAD WC REBELS e.XSR 149cm /2025 //01,EF05,,
NARTY SALOMON ADDICT PRO 149cm /2024 //01,A00929,,
NARTY FISCHER RC4 SC 150cm /2024 //01,B1247,,
NARTY FISCHER RC4 SC 150cm /2024 //02,B1250,,
NARTY FISCHER RC4 SC 150cm /2024 //03,B1256,,
NARTY SALOMON S/MAX N8 W 150cm /2025 //01,59600,,
NARTY SALOMON S/MAX N8 W 150cm /2025 //02,59613,,
NARTY SALOMON S/MAX N8 W 150cm /2025 //03,59624,,
NARTY ATOMIC CLOUD C9 150cm /2025 //01,59859,,
NARTY VOLKL RACETIGER SL 150cm /2024 //01,A00932,,
NARTY GRENZWERTIG LIMITLESS 151cm /2024 //01,A00931,,
NARTY KNEISSL MY STAR XC 152cm /2024 //01,A00930,,
NARTY KNEISSL MY STAR XC 152cm /2024 //02,A00938,,
NARTY KNEISSL MY STAR XC 152cm /2024 //03,A00937,,
NARTY KNEISSL MY STAR XC 152cm /2024 //04,A00936,,
NARTY ATOMIC CLOUD Q14 REVOSHOCK 152cm /2025 //01,A00935,,
NARTY ATOMIC REDSTER Q9 REVOSHOCK 152cm /2025 //01,A00942,,
NARTY ROSSIGNOL NOVA 10 TI 153cm /2024 //01,A00934,,
NARTY ROSSIGNOL NOVA 10 TI 153cm /2024 //02,A00933,,
NARTY VOLKL FLAIR SC CARBON 153cm /2025 //01,A00941,,
NARTY VOLKL FLAIR SC CARBON 153cm /2025 //02,A00940,,
NARTY VOLKL RACETIGER SRC 153cm /2025 ///01,FL16,,
NARTY ATOMIC CLOUD C12 REVOSHOCK 154cm /2025 //01,A00939,,
NARTY ATOMIC CLOUD C12 REVOSHOCK 154cm /2025 //02,A00867,,
NARTY ATOMIC CLOUD C14 REVOSHOCK 154cm /2025 //01,A00868,,
NARTY ATOMIC CLOUD C14 REVOSHOCK 154cm /2025 //02,A00945,,
NARTY BLIZZARD FIREBIRD TI 71 154cm /2024 //01,A00944,,
NARTY BLIZZARD FIREBIRD TI 71 154cm /2024 //02,A00943,,
NARTY SAKOMON S/MAX ENDUERANCE 155 cm 2025 //01,A01129,,
NARTY SAKOMON S/MAX ENDUERANCE 155 cm 2025 //02,A01130,,
NARTY SAKOMON S/MAX ENDUERANCE 155 cm 2025 //03,A01131,,
NARTY SAKOMON S/MAX ENDUERANCE 155 cm 2025 //04,A01132,,
NARTY SALOMON S/MAX N8 W 155cm /2025 //01,59628,,
NARTY SALOMON S/MAX N8 W 155cm /2024 //01,49213,,
NARTY SALOMON S/MAX N8 W 155cm /2024 //02,49215,,
NARTY SALOMON S/MAX N8 W 155cm /2024 //03,50058,,
NARTY ATOMIC REDSTER S9i REVOSHOCK 155cm /2025 //01,A00870,,
NARTY KASTLE RX 12 SL 155cm  /2025 //01,A00869,,
NARTY NORDICA DOBERMANN SLR 155cm /2025 //01,B2475,,
NARTY HEAD WC REBELS e.XSR 156cm /2025 //01,EO98,,
NARTY HEAD WC REBELS e.XSR 156cm /2025 //02,DK72,,
NARTY SALOMON ADDICT PRO 156cm /2024 //01,A00871,,
NARTY MOLITOR MASTER M2 156cm /2025 //01,B1066,,
magnum 156,A01135,,
NARTY ATOMIC REDSTER S7 156cm //01,A01134,,
NARTY HEAD SX BLACK EDITION 156cm //01,A01133,,
NARTY KASTLE MX 74 157cm  /2025 //01,A00872,,
NARTY VOLKL RACETIGER SRC 158cm /2025 //01,FL19,,
NARTY VOLKL FLAIR SC CARBON 158cm /2025 //01,A00873,,
NARTY ROSSIGNOL HERO ELITE MT CARBON 159cm /2025 //01,A00874,,
NARTY SAKOMON S/MAX ENDUERANCE 160 cm 2025 //01,GL87,,
NARTY SAKOMON S/MAX ENDUERANCE 160 cm 2025 //02,DJ36,,
NARTY SAKOMON S/MAX ENDUERANCE 160 cm 2025 //03,BP56,,
NARTY SAKOMON S/MAX ENDUERANCE 160 cm 2025 //04,FL81,,
NARTY SAKOMON S/MAX ENDUERANCE 160 cm 2025 //05,EL83,,
NARTY BLIZZARD FIREBIRD TI 160cm /2025 //01,FO08,,
NARTY BLIZZARD FIREBIRD TI 160cm /2025 //02,BQ35,,
NARTY BLIZZARD FIREBIRD TI 71 160cm /2024 //01,A01137,,
NARTY BLIZZARD FIREBIRD TI 71 160cm /2024 //02,GB19,,
NARTY BLIZZARD FIREBIRD TI 71 160cm /2024 //03,A01138,,
NARTY SALOMON S/MAX N8 W 160cm /2025 //01,A00875,,
NARTY NORDICA DOBERMANN MULTIGARA DC 160cm /2025 //01,B2465,,
NARTY ATOMIC REDSTER Q9 REVOSHOCK 160cm /2025 //01,A00876,,
NARTY ATOMIC CLOUD Q14 REVOSHOCK 160cm /2025 //01,A00877,,
NARTY VOLKL RACETIGER SL 160cm /2024,A00878,,
NARTY HEAD WC REBELS e-SL 160cm /2025 //01,59184,,
NARTY FISCHER RC4 POWER 160cm /2024 //01,A01139,,
NARTY FISCHER RC4 POWER 160cm /2024 //02,A01136,,
NARTY VOLKL RACETIGER SC 160cm //01,A01140,,
NARTY VOLKL RACETIGER SC 160cm //02,A01141,,
NARTY ATOMIC CLOUD C14 REVOSHOCK 161cm /2025 //01,A00879,,
NARTY ATOMIC CLOUD C14 REVOSHOCK 161cm /2025 //02,A00880,,
NARTY ATOMIC CLOUD C12 REVOSHOCK 161cm /2025 //01,A00881,,
NARTY ATOMIC CLOUD C12 REVOSHOCK 161cm /2025 //02,53399,,
NARTY MOLITOR RELEASE R2 162cm /2025 //01,B1046,,
NARTY MOLITOR RELEASE R2 162cm /2025 //02,B1039,,
NARTY NORDICA SPITFIRE CA 162cm /2025 //01,59788,,
NARTY HEAD WC REBELS e.XSR 163cm /2025 //01,A01205,,
NARTY HEAD WC REBELS e.XSR 163cm /2025 //02,BW45,,
NARTY HEAD WC REBELS e.XSR 163cm /2025 //03,DK63,,
NARTY HEAD WC REBELS e.XSR 163cm /2025 //04,FF54,,
NARTY HEAD WC REBELS e.XSR 163cm /2025 //05,EO90,,
NARTY VOLKL RACETIGER SRC 163cm /2025 //01,A00882,,
NARTY VOLKL RACETIGER SRC 163cm /2025 //02,A00883,,
NARTY K2 MINDBENDER RX 163cm /2025 //01,BM77,,
NARTY K2 MINDBENDER RX 163cm /2025 //02,DI93,,
NARTY MOLITOR MASTER M2 163cm /2025 //01,B2080,,
NARTY HEAD e-MAGNUM 163cm //01,A01208,,
NARTY SALOMON S/MAX 24 ENDURANCE 165cm /2025 //01,BM81,,
NARTY SALOMON S/MAX 24 ENDURANCE 165cm /2025 //02,FN57,,
NARTY SALOMON S/MAX 24 ENDURANCE 165cm /2025 //03,BP60,,
NARTY SALOMON S/MAX 24 ENDURANCE 165cm /2025 //04,DM67,,
NARTY SALOMON S/MAX 24 ENDURANCE 165cm /2025 //05,CG03,,
NARTY KASTLE RX 12 SL 165cm  /2025 //01,A00884,,
NARTY KASTLE RX 12 SL 165cm  /2025 //02,B1211,,
NARTY ATOMIC REDSTER S9i REVOSHOCK 165cm /2025,A00885,,
NARTY BLIZZARD FIREBIRD TI 166cm /2025 //01,BQ27,,
NARTY BLIZZARD FIREBIRD TI 166cm /2025 //02,FO04,,
NARTY BLIZZARD FIREBIRD TI 166cm /2025 //03,BQ32,,
NARTY BLIZZARD FIREBIRD TI 166cm /2025 //04,BQ28,,
NARTY ATOMIC REDSTER Q7.8 166cm /2025 //01,A00886,,
NARTY ROSSIGNOL HERO ELITE MT CARBON 167cm /2025 //01,A00887,,
NARTY KNEISSL RED STAR RC 168cm /2024 //01,B2179,,
NARTY KNEISSL RED STAR RC 168cm /2024 //02,B2213,,
NARTY VOLKL RACETIGER SRC 168cm /2025 //01,60953,,
NARTY VOLKL RACETIGER SRC 168cm /2025 //02,60934,,
NARTY NORDICA SPITFIRE CA 168cm /2025 //01,59779,,
NARTY NORDICA SPITFIRE CA 168cm /2025 //02,59776,,
NARTY ATOMIC CLOUD C12 REVOSHOCK 168cm /2025 //01,A00888,,
NARTY SAKOMON S/MAX ENDUERANCE 170 cm 2025 //01,DI133,,
NARTY SAKOMON S/MAX ENDUERANCE 170 cm 2025 //02,BM88,,
NARTY SAKOMON S/MAX ENDUERANCE 170 cm 2025 //03,FL92,,
NARTY SAKOMON S/MAX ENDUERANCE 170 cm 2025 //04,DI135,,
NARTY SAKOMON S/MAX ENDUERANCE 170 cm 2025 //05,FL91,,
NARTY SAKOMON S/MAX ENDUERANCE 170 cm 2025 //06,GK72,,
NARTY K2 MINDBENDER 85 170cm /2025 //01,FD84,,
NARTY K2 MINDBENDER 85 170cm /2025 //02,BJ38,,
NARTY K2 MINDBENDER 85 170cm /2025 //03,BJ37,,
NARTY HEAD WC REBELS e.XSR 170cm /2025 //01,A01210,,
NARTY HEAD WC REBELS e.XSR 170cm /2025 //02,BR90,,
NARTY HEAD WC REBELS e.XSR 170cm /2025 //03,FF14,,
NARTY HEAD SX BLACK EDITION 170cm //01,A01209,,
NARTY HEAD SHAPE e-V8 170cm /2025 //01,A00205,,
NARTY MOLITOR RELEASE R2 172cm /2025 //01,B1055,,
NARTY MOLITOR RELEASE R2 172cm /2025 //02,B1056,,
NARTY BLIZZARD FIREBIRD TI 172cm /2025 //01,BQ42,,
NARTY BLIZZARD FIREBIRD TI 172cm /2025 //02,BQ43,,
NARTY NORDICA SPITFIRE CA 174cm /2025 //01,69767,,
NARTY NORDICA SPITFIRE CA 174cm /2025 //02,57091,,
NARTY ROSSIGNOL HERO ELITE MT CARBON 175cm /2025 //01,A00889,,
NARTY ATOMIC REDSTER X9 REVOSHOCK 175cm /2025 //01,A00890,,
NARTY SALOMON ADDICT PRO 177cm /2024 //01,A00891,,
NARTY K2 MINDBENDER RX 177cm /2025 //01,DI90,,
NARTY K2 MINDBENDER RX 177cm /2025 //02,BM73,,
NARTY ATOMIC REDSTER G9 REVOSHOCK 177cm /2025 //01,B2103,,
NARTY BLIZZARD FIREBIRD TI 71 178cm /2024 //01,A01206,,
NARTY BLIZZARD FIREBIRD TI 71 178cm /2024 //02,A01207,,
,,,
NARTY ATOMIC MAVERICK JR 70cm /2025 //01,A01001,,
NARTY ATOMIC MAVERICK JR 70cm /2025 //02,A01002,,
NARTY ATOMIC MAVERICK JR 70cm /2025 //03,A01003,,
NARTY ATOMIC MAVERICK JR 70cm /2025 //04,A01004,,
NARTY ATOMIC MAVERICK JR 70cm /2025 //05,A01005,,
NARTY ATOMIC MAVERICK JR 70cm /2025 //06,A01006,,
NARTY ATOMIC MAVERICK JR 80cm /2025 //01,A01007,,
NARTY ATOMIC MAVERICK JR 80cm /2025 //02,A01008,,
NARTY ATOMIC MAVERICK JR 80cm /2025 //03,A01009,,
NARTY ATOMIC MAVERICK JR 80cm /2025 //04,A01010,,
NARTY ATOMIC MAVERICK JR 80cm /2025 //05,A01011,,
NARTY ATOMIC MAVERICK JR 80cm /2025 //06,A01012,,
NARTY ATOMIC MAVERICK JR 80cm /2025 //07,A01013,,
NARTY ATOMIC MAVERICK JR 80cm /2025 //08,A01014,,
NARTY ATOMIC MAVERICK JR 80cm /2025 //09,A01015,,
NARTY ATOMIC MAVERICK JR 80cm /2025 //10,A01016,,
NARTY ATOMIC MAVERICK JR 80cm /2025 //11,A01017,,
NARTY ATOMIC MAVERICK JR 80cm /2025 //12,A01018,,
NARTY ATOMIC MAVERICK JR 90cm /2025 //01,A01019,,
NARTY ATOMIC MAVERICK JR 90cm /2025 //02,A01020,,
NARTY ATOMIC MAVERICK JR 90cm /2025 //03,A01021,,
NARTY ATOMIC MAVERICK JR 90cm /2025 //04,A01022,,
NARTY ATOMIC MAVERICK JR 90cm /2025 //05,A01023,,
NARTY ATOMIC MAVERICK JR 90cm /2025 //06,A01024,,
NARTY ATOMIC MAVERICK JR 90cm /2025 //07,A01025,,
NARTY ATOMIC MAVERICK JR 90cm /2025 //08,A01026,,
NARTY ATOMIC MAVERICK JR 90cm /2025 //09,A01027,,
NARTY ATOMIC MAVERICK JR 90cm /2025 //10,A01028,,
NARTY ATOMIC MAVERICK JR 90cm /2025 //11,A01029,,
NARTY ATOMIC MAVERICK JR 90cm /2025 //12,A01030,,
NARTY ATOMIC MAVERICK JR 90cm /2025 //13,A01031,,
NARTY ATOMIC MAVERICK JR 90cm /2025 //14,A01032,,
NARTY ATOMIC MAVERICK JR 90cm /2025 //15,A01033,,
NARTY HEAD SUPERSHAPE JR 97cm //01,A01052,,
NARTY HEAD SUPERSHAPE JR 97cm //02,A01053,,
NARTY HEAD SUPERSHAPE JR 97cm //03,A01054,,
NARTY ATOMIC MAVERICK JR 100cm /2025 //01,A01055,,
NARTY ATOMIC MAVERICK JR 100cm /2025 //02,A01056,,
NARTY ATOMIC MAVERICK JR 100cm /2025 //03,A01057,,
NARTY ATOMIC MAVERICK JR 100cm /2025 //04,A01058,,
NARTY ATOMIC MAVERICK JR 100cm /2025 //05,A01059,,
NARTY ATOMIC MAVERICK JR 100cm /2025 //06,A01060,,
NARTY ATOMIC MAVERICK JR 100cm /2025 //07,A01061,,
NARTY ATOMIC MAVERICK JR 100cm /2025 //08,A01062,,
NARTY ATOMIC MAVERICK JR 100cm /2025 //09,A01063,,
NARTY ATOMIC MAVERICK JR 100cm /2025 //10,A01064,,
NARTY ATOMIC MAVERICK JR 100cm /2025 //11,A01065,,
NARTY ATOMIC MAVERICK JR 100cm /2025 //12,A01066,,
NARTY ATOMIC MAVERICK JR 100cm /2025 //13,A01067,,
NARTY ATOMIC MAVERICK JR 100cm /2025 //14,A01068,,
NARTY ATOMIC MAVERICK JR 100cm /2025 //15,A01069,,
NARTY ATOMIC MAVERICK JR 100cm /2025 //16,A01070,,
NARTY ATOMIC MAVERICK JR 100cm /2025 //17,A01071,,
NARTY ATOMIC MAVERICK JR 100cm /2025 //18,A01072,,
NARTY ATOMIC MAVERICK JR 100cm /2025 //19,A01073,,
NARTY ATOMIC MAVERICK JR 100cm /2025 //20,A01074,,
NARTY ATOMIC MAVERICK JR 100cm /2025 //21,A01075,,
NARTY ATOMIC MAVERICK JR 100cm /2025 //22,A01076,,
NARTY ATOMIC MAVERICK JR 100cm /2025 //23,A01077,,
NARTY ATOMIC MAVERICK JR 100cm /2025 //24,A01078,,
NARTY ATOMIC MAVERICK JR 100cm /2025 //25,A01079,,
NARTY VOLKL RACETIGER JR 100cm /2025 //01,A01047,,
NARTY VOLKL RACETIGER JR 100cm /2025 //02,A01048,,
NARTY VOLKL RACETIGER JR 100cm /2025 //03,A01049,,
NARTY VOLKL RACETIGER JR 100cm /2025 //04,A01050,,
NARTY VOLKL RACETIGER JR 100cm /2025 //05,A01051,,
NARTY ATOMIC MAVERICK JR 100cm /2024 //01,A01034,,
NARTY ATOMIC MAVERICK JR 100cm /2024 //02,A01035,,
NARTY ATOMIC MAVERICK JR 100cm /2024 //03,A01036,,
NARTY ATOMIC MAVERICK JR 100cm /2024 //04,A01037,,
NARTY ATOMIC MAVERICK JR 100cm /2024 //05,A01038,,
NARTY ATOMIC MAVERICK JR 100cm /2024 //06,A01039,,
NARTY ATOMIC MAVERICK JR 100cm /2024 //07,A01040,,
NARTY ATOMIC MAVERICK JR 100cm /2024 //08,A01041,,
NARTY VOLKL RACETIGER JR 100cm /2024 //01,A01042,,
NARTY VOLKL RACETIGER JR 100cm /2024 //02,A01043,,
NARTY VOLKL RACETIGER JR 100cm /2024 //03,A01044,,
NARTY VOLKL RACETIGER JR 100cm /2024 //04,A01045,,
NARTY VOLKL RACETIGER JR 100cm /2024 //05,A01046,,
NARTY ATOMIC MAVERICK JR 110cm /2024 //01,A01110,,
NARTY ATOMIC MAVERICK JR 110cm /2024 //02,A01111,,
NARTY ATOMIC MAVERICK JR 110cm /2024 //03,A01112,,
NARTY ATOMIC MAVERICK JR 110cm /2024 //04,A01113,,
NARTY ATOMIC MAVERICK JR 110cm /2024 //05,A01114,,
NARTY ATOMIC MAVERICK JR 110cm /2024 //06,A01115,,
NARTY ATOMIC MAVERICK JR 110cm /2024 //07,A01116,,
NARTY ATOMIC MAVERICK JR 110cm /2024 //08,A01117,,
NARTY ATOMIC MAVERICK JR 110cm /2024 //09,A01118,,
NARTY ATOMIC MAVERICK JR 110cm /2024 //10,A01119,,
NARTY ATOMIC MAVERICK JR 110cm /2024 //11,A01120,,
NARTY ATOMIC MAVERICK JR 110cm /2024 //12,A01121,,
NARTY ATOMIC MAVERICK JR 110cm /2024 //13,A01122,,
NARTY ATOMIC MAVERICK JR 110cm /2024 //14,A01123,,
NARTY ATOMIC MAVERICK JR 110cm /2024 //15,A01124,,
NARTY ATOMIC MAVERICK JR 110cm /2024 //16,A01125,,
NARTY ATOMIC MAVERICK JR 110cm /2024 //17,A01126,,
NARTY ATOMIC MAVERICK JR 110cm /2024 //18,A01127,,
NARTY ATOMIC MAVERICK JR 110cm /2024 //19,A01128,,
NARTY ATOMIC MAVERICK JR 110cm /2025 //01,A01080,,
NARTY ATOMIC MAVERICK JR 110cm /2025 //02,A01081,,
NARTY ATOMIC MAVERICK JR 110cm /2025 //03,A01082,,
NARTY ATOMIC MAVERICK JR 110cm /2025 //04,A01083,,
NARTY ATOMIC MAVERICK JR 110cm /2025 //05,A01084,,
NARTY ATOMIC MAVERICK JR 110cm /2025 //06,A01085,,
NARTY ATOMIC MAVERICK JR 110cm /2025 //07,A01086,,
NARTY ATOMIC MAVERICK JR 110cm /2025 //08,A01087,,
NARTY ATOMIC MAVERICK JR 110cm /2025 //09,A01088,,
NARTY ATOMIC MAVERICK JR 110cm /2025 //10,A01089,,
NARTY ATOMIC MAVERICK JR 110cm /2025 //11,A01090,,
NARTY ATOMIC MAVERICK JR 110cm /2025 //12,A01091,,
NARTY ATOMIC MAVERICK JR 110cm /2025 //13,A01092,,
NARTY ATOMIC MAVERICK JR 110cm /2025 //14,A01093,,
NARTY ATOMIC MAVERICK JR 110cm /2025 //15,A01094,,
NARTY ATOMIC MAVERICK JR 110cm /2025 //16,A01095,,
NARTY ATOMIC MAVERICK JR 110cm /2025 //17,A01096,,
NARTY ATOMIC MAVERICK JR 110cm /2025 //18,A01097,,
NARTY ATOMIC MAVERICK JR 110cm /2025 //19,A01098,,
NARTY ATOMIC MAVERICK JR 110cm /2025 //20,A01099,,
NARTY ATOMIC MAVERICK JR 110cm /2025 //21,A01100,,
NARTY ATOMIC MAVERICK JR 110cm /2025 //22,A01101,,
NARTY ATOMIC MAVERICK JR 110cm /2025 //23,A01102,,
NARTY ATOMIC MAVERICK JR 110cm /2025 //24,A01103,,
NARTY ATOMIC MAVERICK JR 110cm /2025 //25,A01104,,
NARTY ATOMIC MAVERICK JR 110cm /2025 //26,A01105,,
NARTY ATOMIC MAVERICK JR 110cm /2025 //27,A01106,,
NARTY ATOMIC MAVERICK JR 110cm /2025 //28,A01107,,
NARTY ATOMIC MAVERICK JR 110cm /2025 //29,A01108,,
NARTY ATOMIC MAVERICK JR 110cm /2025 //30,A01109,,
NARTY ATOMIC MAVERICK JR 120cm /2025 //01,A01142,,
NARTY ATOMIC MAVERICK JR 120cm /2025 //02,A01143,,
NARTY ATOMIC MAVERICK JR 120cm /2025 //03,A01144,,
NARTY ATOMIC MAVERICK JR 120cm /2025 //04,A01145,,
NARTY ATOMIC MAVERICK JR 120cm /2025 //05,A01146,,
NARTY ATOMIC MAVERICK JR 120cm /2025 //06,A01147,,
NARTY ATOMIC MAVERICK JR 120cm /2025 //07,A01148,,
NARTY ATOMIC MAVERICK JR 120cm /2025 //08,A01149,,
NARTY ATOMIC MAVERICK JR 120cm /2025 //09,A01150,,
NARTY ATOMIC MAVERICK JR 120cm /2025 //10,A01151,,
NARTY ATOMIC MAVERICK JR 120cm /2025 //11,A01152,,
NARTY ATOMIC MAVERICK JR 120cm /2025 //12,A01153,,
NARTY ATOMIC MAVERICK JR 120cm /2025 //13,A01154,,
NARTY ATOMIC MAVERICK JR 120cm /2025 //14,A01155,,
NARTY ATOMIC MAVERICK JR 120cm /2025 //15,A01156,,
NARTY ATOMIC MAVERICK JR 120cm /2025 //16,A01157,,
NARTY ATOMIC MAVERICK JR 120cm /2025 //17,A01158,,
NARTY ATOMIC MAVERICK JR 120cm /2025 //18,A01159,,
NARTY ATOMIC MAVERICK JR 120cm /2025 //19,A01160,,
NARTY ATOMIC MAVERICK JR 120cm /2025 //20,A01161,,
NARTY ATOMIC MAVERICK JR 120cm /2025 //21,A01162,,
NARTY ATOMIC MAVERICK JR 120cm /2025 //22,A01163,,
NARTY ATOMIC MAVERICK JR 120cm /2025 //23,A01164,,
NARTY ATOMIC MAVERICK JR 120cm /2025 //24,A01165,,
NARTY ATOMIC MAVERICK JR 120cm /2025 //25,A01166,,
NARTY ATOMIC MAVERICK JR 120cm /2025 //26,A01167,,
NARTY ATOMIC MAVERICK JR 120cm /2025 //27,A01168,,
NARTY ATOMIC MAVERICK JR 120cm /2025 //28,A01169,,
NARTY ATOMIC MAVERICK JR 120cm /2025 //29,A01170,,
NARTY ATOMIC MAVERICK JR 120cm /2025 //30,A01171,,
NARTY ATOMIC MAVERICK JR 120cm /2025 //31,A01172,,
NARTY ATOMIC MAVERICK JR 120cm /2025 //32,A01173,,
NARTY VOLKL RACETIGER JR 120cm /2025 //01,A01181,,
NARTY VOLKL RACETIGER JR 120cm /2025 //02,A01182,,
NARTY VOLKL RACETIGER JR 120cm /2025 //03,A01183,,
NARTY VOLKL RACETIGER JR 120cm /2025 //04,A01184,,
NARTY VOLKL RACETIGER JR 120cm /2025 //05,A01185,,
NARTY ATOMIC MAVERICK JR 120cm /2024 //01,A01174,,
NARTY ATOMIC MAVERICK JR 120cm /2024 //02,A01175,,
NARTY ATOMIC MAVERICK JR 120cm /2024 //03,A01176,,
NARTY ATOMIC MAVERICK JR 120cm /2024 //04,A01177,,
NARTY ATOMIC MAVERICK JR 120cm /2024 //05,A01178,,
NARTY ATOMIC MAVERICK JR 120cm /2024 //06,A01179,,
NARTY ATOMIC MAVERICK JR 120cm /2024 //07,A01180,,
NARTY ATOMIC MAVERICK JR 120cm /2024 //08,A01199,,
NARTY ATOMIC MAVERICK JR 120cm /2024 //09,A01200,,
NARTY ATOMIC MAVERICK JR 120cm /2024 //10,A01201,,
NARTY ATOMIC MAVERICK JR 120cm /2024 //11,A01202,,
NARTY VOLKL RACETIGER JR 120cm /2024 //01,CB43,,
NARTY VOLKL RACETIGER JR 120cm /2024 //02,GD36,,
NARTY VOLKL RACETIGER JR 120cm /2024 //03,GD37,,
NARTY VOLKL RACETIGER JR 120cm /2024 //04,ED89,,
NARTY VOLKL RACETIGER JR 120cm /2024 //05,A01186,,
NARTY VOLKL RACETIGER SL JR 120cm /2024 //01,A01188,,
NARTY VOLKL RACETIGER SL JR 120cm /2024 //02,A01189,,
NARTY VOLKL RACETIGER SL JR 120cm /2024 //03,A01190,,
NARTY ATOMIC REDSTER J4 JUNIOR 120cm //01,A01191,,
NARTY ATOMIC REDSTER J4 JUNIOR 120cm //02,A01192,,
NARTY ATOMIC REDSTER J4 JUNIOR 120cm //03,A01193,,
NARTY ATOMIC REDSTER J2 JR 130cm //01,A01211,,
NARTY ATOMIC REDSTER J2 JR 130cm //02,A01212,,
NARTY VOLKL RACETIGER SL JR 130cm /2024 //01,A01194,,
NARTY VOLKL RACETIGER SL JR 130cm /2024 //02,A01195,,
NARTY VOLKL RACETIGER SL JR 130cm /2024 //03,A01196,,
NARTY ATOMIC REDSTER J2 JR 130cm /2022 //01,A01197,,
NARTY ATOMIC REDSTER J2 JR 130cm /2022 //02,A01198,,
NARTY VOLKL RACETIGER JR 130cm //01,A01217,,
NARTY VOLKL RACETIGER JR 130cm //02,A01218,,
NARTY VOLKL RACETIGER JR 130cm //03,A01219,,
NARTY VOLKL RACETIGER JR 130cm //04,A01220,,
NARTY VOLKL RACETIGER JR 130cm //05,A01221,,
NARTY VOLKL RACETIGER JR 130cm //06,A01222,,
NARTY VOLKL RACETIGER JR 130cm /2025 //01,A01366,,
NARTY VOLKL RACETIGER JR 130cm /2025 //02,A01367,,
NARTY VOLKL RACETIGER JR 130cm /2025 //03,A01368,,
NARTY VOLKL RACETIGER JR 130cm /2025 //04,A01369,,
NARTY VOLKL RACETIGER JR 130cm /2025 //05,A01370,,
NARTY VOLKL RACETIGER JR 130cm /2025 //06,A01371,,
NARTY VOLKL RACETIGER JR 130cm /2025 //07,A01372,,
NARTY VOLKL RACETIGER JR 130cm /2025 //08,A01373,,
NARTY ELAN FORMULA RED 130cm /2023 //01,,,
NARTY ELAN FORMULA RED 130cm /2023 //02,,,
NARTY ELAN FORMULA RED 130cm /2023 //03,,,
NARTY ELAN FORMULA RED 130cm /2023 //04,,,
NARTY ELAN FORMULA RED 130cm /2023 //05,,,
NARTY ELAN FORMULA RED 130cm /2023 //06,,,
NARTY ELAN FORMULA RED 130cm /2023 //07,,,
NARTY ELAN FORMULA RED 130cm /2023 //08,,,
NARTY ELAN FORMULA RED 130cm /2023 //09,,,
NARTY ELAN FORMULA RED 130cm /2023 //10,,,
NARTY ELAN FORMULA RED 130cm /2023 //11,,,
NARTY ELAN FORMULA RED 130cm /2023 //12,,,
NARTY ELAN FORMULA RED 130cm /2023 //13,,,
NARTY ELAN FORMULA RED 130cm /2023 //14,,,
NARTY ATOMIC MAVERICK JR 130cm /2025 //01,A01451,,
NARTY ATOMIC MAVERICK JR 130cm /2025 //02,A01452,,
NARTY ATOMIC MAVERICK JR 130cm /2025 //03,A01453,,
NARTY ATOMIC MAVERICK JR 130cm /2025 //04,A01454,,
NARTY ATOMIC MAVERICK JR 130cm /2025 //05,A01455,,
NARTY ATOMIC MAVERICK JR 130cm /2025 //06,A01456,,
NARTY ATOMIC MAVERICK JR 130cm /2025 //07,A01457,,
NARTY ATOMIC MAVERICK JR 130cm /2025 //08,A01458,,
NARTY ATOMIC MAVERICK JR 130cm /2025 //09,A01459,,
NARTY ATOMIC MAVERICK JR 130cm /2025 //10,A01460,,
NARTY ATOMIC MAVERICK JR 130cm /2025 //11,A01461,,
NARTY ATOMIC MAVERICK JR 130cm /2025 //12,A01462,,
NARTY ATOMIC MAVERICK JR 130cm /2025 //13,A01463,,
NARTY ATOMIC MAVERICK JR 130cm /2025 //14,A01464,,
NARTY ATOMIC MAVERICK JR 130cm /2025 //15,A01465,,
NARTY ATOMIC MAVERICK JR 130cm /2025 //16,A01466,,
NARTY ATOMIC MAVERICK JR 130cm /2025 //17,A01467,,
NARTY ATOMIC MAVERICK JR 130cm /2025 //18,A01468,,
NARTY ATOMIC MAVERICK JR 130cm /2025 //19,A01469,,
NARTY ATOMIC MAVERICK JR 130cm /2025 //20,A01470,,
NARTY ATOMIC MAVERICK JR 130cm /2025 //21,A01471,,
NARTY ATOMIC MAVERICK JR 130cm /2025 //22,A01472,,
NARTY ATOMIC MAVERICK JR 130cm /2025 //23,A01473,,
NARTY ATOMIC MAVERICK JR 130cm /2025 //24,A01474,,
NARTY ATOMIC MAVERICK JR 130cm /2025 //25,A01475,,
NARTY ATOMIC MAVERICK JR 130cm /2025 //26,A01476,,
NARTY NOWE FISCHER RACE JR 130cm /2025 //01,A00946,,
NARTY NOWE FISCHER RACE JR 130cm /2025 //02,A00947,,
NARTY NOWE FISCHER RACE JR 130cm /2025 //03,A00948,,
NARTY NOWE FISCHER RACE JR 130cm /2025 //04,A00949,,
NARTY NOWE FISCHER RACE JR 130cm /2025 //05,A00950,,
NARTY NOWE FISCHER RACE JR 130cm /2025 //06,A00951,,
NARTY NOWE FISCHER RACE JR 130cm /2025 //07,A00952,,
NARTY NOWE FISCHER RACE JR 130cm /2025 //08,A00953,,
NARTY NOWE FISCHER RACE JR 130cm /2025 //09,A00954,,
NARTY NOWE FISCHER RACE JR 130cm /2025 //10,A00955,,
NARTY NOWE FISCHER RACE JR 130cm /2025 //11,A00956,,
NARTY NOWE FISCHER RACE JR 130cm /2025 //12,A00957,,
NARTY NOWE FISCHER RACE JR 130cm /2025 //13,A00958,,
NARTY NOWE FISCHER RACE JR 130cm /2025 //14,A00959,,
NARTY NOWE FISCHER RACE JR 130cm /2025 //15,A00960,,
NARTY NOWE FISCHER RACE JR 130cm /2025 //16,A00961,,
NARTY NOWE FISCHER RACE JR 130cm /2025 //17,A00962,,
NARTY NOWE FISCHER RACE JR 130cm /2025 //18,A01505,,
NARTY NOWE FISCHER RACE JR 130cm /2025 //19,A01506,,
NARTY NOWE FISCHER RACE JR 130cm /2025 //20,A01507,,
NARTY ELAN FORMULA RED 140cm /2024 //01,A01510,,
NARTY ELAN FORMULA RED 140cm /2024 //02,A01511,,
NARTY ELAN FORMULA RED 140cm /2024 //03,A01512,,
NARTY ELAN FORMULA RED 140cm /2024 //04,A01513,,
NARTY ELAN FORMULA RED 140cm /2024 //05,A01514,,
NARTY ELAN FORMULA RED 140cm /2024 //06,A01515,,
NARTY ELAN FORMULA RED 140cm /2024 //07,A01516,,
NARTY ATOMIC MAVERICK JR 140 cm /2025 //01,A01527,,
NARTY ATOMIC MAVERICK JR 140 cm /2025 //02,A01528,,
NARTY ATOMIC MAVERICK JR 140 cm /2025 //03,A01529,,
NARTY ATOMIC MAVERICK JR 140 cm /2025 //04,A01530,,
NARTY ATOMIC MAVERICK JR 140 cm /2025 //05,A01531,,
NARTY ATOMIC MAVERICK JR 140 cm /2025 //06,A01532,,
NARTY ATOMIC MAVERICK JR 140 cm /2025 //07,A01533,,
NARTY ATOMIC MAVERICK JR 140 cm /2025 //08,A01534,,
NARTY ATOMIC MAVERICK JR 140 cm /2025 //09,A01535,,
NARTY ATOMIC MAVERICK JR 140 cm /2025 //10,A01536,,
NARTY ATOMIC MAVERICK JR 140 cm /2025 //11,A01537,,
NARTY ATOMIC MAVERICK JR 140 cm /2025 //12,A01538,,
NARTY ATOMIC MAVERICK JR 140 cm /2025 //13,A01539,,
NARTY ATOMIC MAVERICK JR 140 cm /2025 //14,A01540,,
NARTY ATOMIC MAVERICK JR 140 cm /2025 //15,A01508,,
NARTY ATOMIC MAVERICK JR 140 cm /2025 //16,A01509,,
NARTY FISCHER RACE JR 140cm /2025 //01,A01577,,
NARTY FISCHER RACE JR 140cm /2025 //02,A01578,,
NARTY FISCHER RACE JR 140cm /2025 //03,A01579,,
NARTY FISCHER RACE JR 140cm /2025 //04,A01580,,
NARTY FISCHER RACE JR 140cm /2025 //05,A01581,,
NARTY FISCHER RACE JR 140cm /2025 //06,A01582,,
NARTY FISCHER RACE JR 140cm /2025 //07,A01583,,
NARTY FISCHER RACE JR 140cm /2025 //08,A01584,,
NARTY FISCHER RACE JR 140cm /2025 //09,A01585,,
NARTY FISCHER RACE JR 140cm /2025 //10,A01586,,
NARTY FISCHER RACE JR 140cm /2025 //11,A01587,,
NARTY FISCHER RACE JR 140cm /2025 //12,A01588,,
NARTY FISCHER RACE JR 140cm /2025 //13,A01589,,
NARTY FISCHER RACE JR 140cm /2025 //14,A01590,,
NARTY FISCHER RACE JR 140cm /2025 //15,A01591,,
NARTY FISCHER RACE JR 140cm /2025 //16,A01592,,
NARTY FISCHER RACE JR 140cm /2025 //17,A01593,,
NARTY FISCHER RACE JR 140cm /2025 //18,A01594,,
NARTY FISCHER RACE JR 140cm /2025 //19,A01595,,
NARTY FISCHER RACE JR 140cm /2025 //20,A01596,,
NARTY FISCHER RACE JR 140cm /2025 //21,A01597,,
NARTY FISCHER RACE JR 140cm /2025 //22,A01598,,
NARTY FISCHER RACE JR 140cm /2025 //23,A01599,,
NARTY FISCHER RACE JR 140cm /2025 //24,A01600,,
NARTY FISCHER RACE JR 140cm /2025 //25,A01601,,
NARTY FISCHER RACE JR 140cm /2025 //26,A01602,,
NARTY FISCHER RACE JR 140cm /2025 //27,A01603,,
NARTY FISCHER RACE JR 140cm /2025 //28,A01604,,
NARTY FISCHER RACE JR 140cm /2025 //29,A01605,,
NARTY FISCHER RACE JR 140cm /2025 //30,A01606,,
NARTY FISCHER RACE JR 140cm /2025 //31,A01607,,
NARTY FISCHER RACE JR 140cm /2025 //32,A01608,,
NARTY FISCHER RACE JR 140cm /2025 //33,A01609,,
NARTY FISCHER RACE JR 140cm /2025 //34,A01610,,
NARTY FISCHER RACE JR 140cm /2025 //35,A01611,,
NARTY FISCHER RACE JR 140cm /2025 //36,A01612,,
NARTY FISCHER RACE JR 140cm /2025 //37,A01613,,
NARTY FISCHER RACE JR 140cm /2025 //38,A01614,,
NARTY FISCHER RACE JR 140cm /2025 //39,A01615,,
NARTY FISCHER RACE JR 140cm /2025 //40,A01616,,
NARTY FISCHER RACE JR 140cm /2025 //41,A01617,,
NARTY FISCHER RACE JR 140cm /2025 //42,A01618,,
NARTY FISCHER RACE JR 140cm /2025 //43,A01619,,
NARTY FISCHER RACE JR 140cm /2025 //44,A01620,,
NARTY FISCHER RACE JR 140cm /2025 //45,A01621,,
NARTY FISCHER RACE JR 140cm /2025 //46,A01622,,
NARTY FISCHER RACE JR 140cm /2025 //47,A01623,,
NARTY FISCHER RACE JR 140cm /2025 //48,A01624,,
NARTY ATOMIC MAVERICK JR 150cm /2025 //01,A01374,,
NARTY ATOMIC MAVERICK JR 150cm /2025 //02,A01375,,
NARTY ATOMIC MAVERICK JR 150cm /2025 //03,A01376,,
NARTY ATOMIC MAVERICK JR 150cm /2025 //04,A01377,,
NARTY ATOMIC MAVERICK JR 150cm /2025 //05,A01378,,
NARTY ATOMIC MAVERICK JR 150cm /2025 //06,A01517,,
NARTY ATOMIC MAVERICK JR 150cm /2025 //07,A01518,,
NARTY ATOMIC MAVERICK JR 150cm /2025 //08,A01519,,
NARTY ATOMIC MAVERICK JR 150cm /2025 //09,A01520,,
NARTY ATOMIC MAVERICK JR 150cm /2025 //10,A01521,,
,,,
BUTY HEAD EDGE LYT 7 W R rozm23 /2025 //01,BO21,,
BUTY HEAD EDGE LYT 7 W R rozm23 /2025 //02,BO22,,
BUTY HEAD EDGE LYT 7 W R rozm23 /2025 //03,EM23,,
BUTY HEAD EDGE LYT 7 W R rozm23 /2025 //04,BO20,,
BUTY HEAD EDGE LYT 7 W R rozm23 /2025 //05,DI173,,
BUTY HEAD EDGE LYT 7 W R rozm23 /2025 //06,CF73,,
BUTY SALOMON QUEST ACCESS 70W rozm23 /2024 //01,B3500,,
BUTY NORDICA SPORTMACHINE 3 75 W R rozm23 /2024 //01,A01346,,
BUTY NORDICA SPEEDMACHINE 85 W rozm23 /2024 //01,A01345,,
BUTY SALOMON S/PRO SPORT 90 W rozm23 /2024 //01,A01344,,
BUTY ATOMIC HAWX PRIME 85 W rozm23 /2024 //01,A01347,,
BUTY NORDICA SPEEDMACHINE 3 95 W R rozm23 /2024 //01,A01343,,
BUTY HEAD EDGE LYT 7 W R rozm24 /2025 //01,GL06,,
BUTY HEAD EDGE LYT 7 W R rozm24 /2025 //02,BO25,,
BUTY HEAD EDGE LYT 7 W R rozm24 /2025 //03,BO28,,
BUTY HEAD EDGE LYT 7 W R rozm24 /2025 //04,FM70,,
BUTY HEAD EDGE LYT 7 W R rozm24 /2025 //05,CF75,,
BUTY HEAD EDGE LYT 7 W R rozm24 /2025 //06,CF74,,
BUTY HEAD EDGE LYT 7 W R rozm24 /2025 //07,EM24,,
BUTY HEAD EDGE LYT 7 W R rozm24 /2025 //08,BO27,,
BUTY HEAD EDGE LYT 7 W R rozm24 /2025 //09,DI178,,
BUTY HEAD EDGE LYT 7 W R rozm24 /2025 //10,DI174,,
BUTY HEAD EDGE LYT 7 W R rozm24 /2025 //11,DI176,,
BUTY HEAD EDGE LYT 7 W R rozm24 /2025 //12,DI177,,
BUTY NORDICA SPORTMACHINE 3 75 W R rozm24 /2024 //01,A01348,,
BUTY NORDICA SPORTMACHINE 3 75 W R rozm24 /2024 //02,A01349,,
BUTY NORDICA SPORTMACHINE 3 75 W R rozm24 /2024 //03,A01350,,
BUTY NORDICA SPORTMACHINE 3 75 W R rozm24 /2024 //04,A01351,,
BUTY NORDICA SPORTMACHINE 3 75 W R rozm24 /2024 //05,A01352,,
BUTY NORDICA SPORTMACHINE 3 75 W R rozm24 /2024 //06,A01353,,
BUTY NORDICA SPORTMACHINE 3 75 W R rozm24 /2024 //07,A01354,,
BUTY NORDICA SPEEDMACHINE 85 W rozm24 /2024 //01,A01204,,
BUTY NORDICA SPEEDMACHINE 85 W rozm24 /2024 //02,B3330,,
BUTY NORDICA SPEEDMACHINE 85 W rozm24 /2024 //03,B3336,,
BUTY NORDICA SPEEDMACHINE 85 W rozm24 /2024 //04,B3327,,
BUTY NORDICA SPEEDMACHINE 85 W rozm24 /2024 //05,B3339,,
BUTY NORDICA SPEEDMACHINE 85 W rozm24 /2024 //06,B3324,,
BUTY ATOMIC HAWX PRIME 85 W rozm24 /2025 //01,62439,,
BUTY ATOMIC HAWX PRIME 85 W rozm24 /2025 //02,59800,,
BUTY SALOMON S/PRO SPORT 90 W rozm24 /2024 //01,A01203,,
BUTY SALOMON S/PRO SPORT 90 W rozm24 /2024 //02,A01392,,
BUTY NORDICA SPEEDMACHINE 3 95 W R rozm24 /2024 //01,A01393,,
BUTY NORDICA SPEEDMACHINE 3 95 W R rozm24 /2024 //02,A00072,,
BUTY HEAD EDGE LYT 7 W R rozm25 /2025 //01,FM76,,
BUTY HEAD EDGE LYT 7 W R rozm25 /2025 //02,GL13,,
BUTY HEAD EDGE LYT 7 W R rozm25 /2025 //03,DI180,,
BUTY HEAD EDGE LYT 7 W R rozm25 /2025 //04,EM30,,
BUTY HEAD EDGE LYT 7 W R rozm25 /2025 //05,DI182,,
BUTY HEAD EDGE LYT 7 W R rozm25 /2025 //06,DI183,,
BUTY HEAD EDGE LYT 7 W R rozm25 /2025 //07,BO36,,
BUTY HEAD EDGE LYT 7 W R rozm25 /2025 //08,CF79,,
BUTY HEAD EDGE LYT 7 W R rozm25 /2025 //09,CF76,,
BUTY HEAD EDGE LYT 7 W R rozm25 /2025 //10,BO34,,
BUTY HEAD EDGE LYT 7 W R rozm25 /2025 //11,GL10,,
BUTY HEAD EDGE LYT 7 W R rozm25 /2025 //12,BO35,,
BUTY HEAD EDGE LYT 7 W R rozm25 /2025 //13,BO41,,
BUTY HEAD EDGE LYT 7 W R rozm25 /2025 //14,GL11,,
BUTY HEAD EDGE LYT 7 W R rozm25 /2025 //15,BO38,,
BUTY HEAD EDGE LYT 7 W R rozm25 /2025 //16,EM33,,
BUTY HEAD EDGE LYT 7 W R rozm25 /2025 //17,CF78,,
BUTY HEAD EDGE LYT 7 W R rozm25 /2025 //18,EM32,,
BUTY HEAD EDGE LYT 7 W R rozm25 /2025 //19,GL17,,
BUTY HEAD EDGE LYT 7 W R rozm25 /2025 //20,CF80,,
BUTY HEAD EDGE LYT 7 W R rozm25 /2025 //21,BO40,,
BUTY HEAD EDGE LYT 7 W R rozm25 /2025 //22,BO33,,
BUTY HEAD EDGE LYT 7 W R rozm25 /2025 //23,EM31,,
BUTY HEAD EDGE LYT 7 W R rozm25 /2025 //24,FM74,,
BUTY HEAD EDGE LYT 7 W R rozm25 /2025 //25,CF77,,
BUTY HEAD EDGE LYT 7 W R rozm25 /2025 //26,GL14,,
BUTY SALOMON QUEST ACCESS 70W rozm25 /2024 //01,B3567,,
BUTY SALOMON QUEST ACCESS 70W rozm25 /2024 //02,B3532,,
BUTY SALOMON QUEST ACCESS 70W rozm25 /2024 //03,B3529,,
BUTY SALOMON QUEST ACCESS 70W rozm25 /2024 //04,B3558,,
BUTY SALOMON QUEST ACCESS 70W rozm25 /2024 //05,B3562,,
BUTY SALOMON QUEST ACCESS 70W rozm25 /2024 //06,B3556,,
BUTY SALOMON QUEST ACCESS 70W rozm25 /2024 //07,B3167,,
BUTY SALOMON QUEST ACCESS 70W rozm25 /2024 //08,B3539,,
BUTY SALOMON QUEST ACCESS 70W rozm25 /2024 //09,B3543,,
BUTY SALOMON QUEST ACCESS 70W rozm25 /2024 //10,B3538,,
BUTY NORDICA SPORTMACHINE 3 75 W R rozm25 /2024 //01,A01326,,
BUTY NORDICA SPORTMACHINE 3 75 W R rozm25 /2024 //02,A01325,,
BUTY NORDICA SPORTMACHINE 3 75 W R rozm25 /2024 //03,A01324,,
BUTY NORDICA SPORTMACHINE 3 75 W R rozm25 /2024 //04,A01328,,
BUTY NORDICA SPORTMACHINE 3 75 W R rozm25 /2024 //05,A01327,,
BUTY NORDICA SPORTMACHINE 3 75 W R rozm25 /2024 //06,A01330,,
BUTY NORDICA SPORTMACHINE 3 75 W R rozm25 /2024 //07,A01329,,
BUTY NORDICA SPORTMACHINE 3 75 W R rozm25 /2024 //08,A01332,,
BUTY NORDICA SPORTMACHINE 3 75 W R rozm25 /2024 //09,BN04,,
BUTY NORDICA SPORTMACHINE 3 75 W R rozm25 /2024 //10,BN03,,
BUTY ATOMIC HAWX PRIME 85 W rozm25 /2025 //01,A01286,,
BUTY ATOMIC HAWX PRIME 85 W rozm25 /2025 //02,A01285,,
BUTY ATOMIC HAWX PRIME 85 W rozm25 /2025 //03,A01284,,
BUTY ATOMIC HAWX PRIME 85 W rozm25 /2025 //04,A01282,,
BUTY ATOMIC HAWX PRIME 85 W rozm25 /2025 //05,40587,,
BUTY ATOMIC HAWX PRIME 85 W rozm25 /2025 //06,61016,,
BUTY NORDICA SPEEDMACHINE 85 W rozm25 /2024 //01,B3354,,
BUTY NORDICA SPEEDMACHINE 85 W rozm25 /2024 //02,B3372,,
BUTY NORDICA SPEEDMACHINE 85 W rozm25 /2024 //03,A01281,,
BUTY NORDICA SPEEDMACHINE 85 W rozm25 /2024 //04,A01271,,
BUTY NORDICA SPEEDMACHINE 85 W rozm25 /2024 //05,A01272,,
BUTY TECNICA MACH SPORT MV 85 W rozm25 /2024 //01,A01273,,
BUTY TECNICA MACH SPORT MV 85 W rozm25 /2024 //02,A01274,,
BUTY ATOMIC HAWX PRIME PRO 95 W rozm25 /2024 //01,A3766,,
BUTY ATOMIC HAWX PRIME PRO 95 W rozm25 /2024 //02,627523,,
BUTY ATOMIC HAWX PRIME PRO 95 W rozm25 /2024 //03,627521,,
BUTY ATOMIC HAWX PRIME PRO 95 W rozm25 /2024 //04,627525,,
BUTY ATOMIC HAWX PRIME PRO 95 W rozm25 /2024 //05,631756,,
BUTY SALOMON S/PRO SPORT 100 rozm25 /2024 //01,A01275,,
BUTY HEAD EDGE LYT 7 W R rozm26 /2025 //01,EM43,,
BUTY HEAD EDGE LYT 7 W R rozm26 /2025 //02,GL26,,
BUTY HEAD EDGE LYT 7 W R rozm26 /2025 //03,FM86,,
BUTY HEAD EDGE LYT 7 W R rozm26 /2025 //04,DI193,,
BUTY HEAD EDGE LYT 7 W R rozm26 /2025 //05,GL21,,
BUTY HEAD EDGE LYT 7 W R rozm26 /2025 //06,CH39,,
BUTY HEAD EDGE LYT 7 W R rozm26 /2025 //07,FM87,,
BUTY HEAD EDGE LYT 7 W R rozm26 /2025 //08,CF81,,
BUTY HEAD EDGE LYT 7 W R rozm26 /2025 //09,EM40,,
BUTY HEAD EDGE LYT 7 W R rozm26 /2025 //10,BO55,,
BUTY HEAD EDGE LYT 7 W R rozm26 /2025 //11,FL54,,
BUTY HEAD EDGE LYT 7 W R rozm26 /2025 //12,FL50,,
BUTY HEAD EDGE LYT 7 W R rozm26 /2025 //13,BO57,,
BUTY HEAD EDGE LYT 7 W R rozm26 /2025 //14,CF84,,
BUTY HEAD EDGE LYT 7 W R rozm26 /2025 //15,FL56,,
BUTY HEAD EDGE LYT 7 W R rozm26 /2025 //16,BO44,,
BUTY HEAD EDGE LYT 7 W R rozm26 /2025 //17,GL22,,
BUTY HEAD EDGE LYT 7 W R rozm26 /2025 //18,FL55,,
BUTY HEAD EDGE LYT 7 W R rozm26 /2025 //19,GI48,,
BUTY HEAD EDGE LYT 7 W R rozm26 /2025 //20,EM39,,"narty top,narty vip,narty junior,buty dorosłe,buty junior,deski snowboard,buty snowboard"
BUTY SALOMON QUEST ACCESS 70W rozm26 /2024 //01,B3579,,
BUTY SALOMON QUEST ACCESS 70W rozm26 /2024 //02,B3610,,
BUTY SALOMON QUEST ACCESS 70W rozm26 /2024 //03,B3587,,
BUTY SALOMON QUEST ACCESS 70W rozm26 /2024 //04,B3174,,
BUTY SALOMON QUEST ACCESS 70W rozm26 /2024 //05,B3599,,
BUTY SALOMON QUEST ACCESS 70W rozm26 /2024 //06,B3586,,
BUTY SALOMON QUEST ACCESS 70W rozm26 /2024 //07,B3583,,
BUTY SALOMON QUEST ACCESS 70W rozm26 /2024 //08,B3575,,
BUTY SALOMON QUEST ACCESS 70W rozm26 /2024 //09,B3576,,
BUTY SALOMON QUEST ACCESS 70W rozm26 /2024 //10,B3601,,
BUTY NORDICA SPORTMACHINE 3 75 W R rozm26 /2024 //01,A01318,,
BUTY NORDICA SPORTMACHINE 3 75 W R rozm26 /2024 //02,A01319,,
BUTY NORDICA SPORTMACHINE 3 75 W R rozm26 /2024 //03,A01320,,
BUTY NORDICA SPORTMACHINE 3 75 W R rozm26 /2024 //04,A01321,,
BUTY NORDICA SPORTMACHINE 3 75 W R rozm26 /2024 //05,A01322,,
BUTY NORDICA SPORTMACHINE 3 75 W R rozm26 /2024 //06,A01323,,
BUTY SALOMON QUEST ACCESS 80 rozm26 /2024 //01,A01317,,
BUTY SALOMON QUEST ACCESS 80 rozm26 /2024 //02,A01316,,
BUTY SALOMON QUEST ACCESS 80 rozm26 /2024 //03,A01315,,
BUTY SALOMON QUEST ACCESS 80 rozm26 /2024 //04,A01314,,
BUTY SALOMON QUEST ACCESS 80 rozm26 /2024 //05,A01310,,
BUTY SALOMON QUEST ACCESS 80 rozm26 /2024 //06,A01311,,
BUTY SALOMON QUEST ACCESS 80 rozm26 /2024 //07,A01312,,
BUTY SALOMON QUEST ACCESS 80 rozm26 /2024 //08,A01313,,
BUTY HEAD EDGE LYT 9 R rozm26 /2025 //01,A01309,,
BUTY HEAD EDGE LYT 9 R rozm26 /2025 //02,A01308,,
BUTY HEAD EDGE LYT 9 R rozm26 /2025 //03,A01307,,
BUTY HEAD EDGE LYT 9 R rozm26 /2025 //04,A01289,,
BUTY HEAD EDGE LYT 9 R rozm26 /2025 //05,A01288,,
BUTY HEAD EDGE LYT 9 R rozm26 /2025 //06,A01287,,
BUTY NORDICA SPORTMACHINE 3 90 R rozm26 /2025 //01,A01280,,
BUTY NORDICA SPORTMACHINE 3 90 R rozm26 /2025 //02,A01279,,
BUTY NORDICA SPORTMACHINE 3 90 R rozm26 /2025 //03,A01278,,
BUTY NORDICA SPORTMACHINE 3 90 R rozm26 /2025 //04,A01277,,
BUTY NORDICA SPORTMACHINE 3 90 R rozm26 /2025 //05,A01276,,
BUTY ATOMIC HAWX PRIME 90 rozm26 /2024 //01,50095,,
BUTY ATOMIC HAWX PRIME 90 rozm26 /2024 //02,62298,,
BUTY ATOMIC HAWX PRIME PRO 95 W rozm26 /2024 //01,627518,,
BUTY ATOMIC HAWX PRIME PRO 95 W rozm26 /2024 //02,A00639,,
BUTY ATOMIC HAWX PRIME PRO 95 W rozm26 /2024 //03,A00711,,
BUTY ATOMIC HAWX PRIME PRO 95 W rozm26 /2024 //04,A00710,,
BUTY ATOMIC HAWX PRIME PRO 95 W rozm26 /2024 //05,A01331,,
BUTY ATOMIC HAWX PRIME PRO 95 W rozm26 /2024 //06,A3785,,
BUTY ATOMIC HAWX PRIME PRO 95 W rozm26 /2024 //07,A3787,,
BUTY ATOMIC HAWX PRIME PRO 95 W rozm26 /2024 //08,A3784,,
BUTY NORDICA SPEEDMACHINE 3 95 W R rozm26 /2024 //01,A00041,,
BUTY NORDICA SPEEDMACHINE 3 95 W R rozm26 /2024 //02,A00062,,
BUTY NORDICA SPEEDMACHINE 3 95 W R rozm26 /2024 //03,A00063,,
BUTY NORDICA SPEEDMACHINE 3 95 W R rozm26 /2024 //04,A00064,,
BUTY NORDICA SPEEDMACHINE 3 95 W R rozm26 /2024 //05,A00360,,
BUTY SALOMON S/PRO SPORT 100 rozm26 /2024 //01,A01333,,
BUTY SALOMON S/PRO SPORT 100 rozm26 /2024 //02,A01334,,
BUTY NORDICA SPEEDMACHINE 110 rozm26 /2024 //01,A01335,,
BUTY NORDICA SPEEDMACHINE 110 rozm26 /2024 //02,A01336,,
BUTY NORDICA SPEEDMACHINE 110 rozm26 /2024 //03,A01337,,
BUTY NORDICA SPEEDMACHINE 110 rozm26 /2024 //04,A01338,,
BUTY NORDICA SPEEDMACHINE 110 rozm26 /2024 //05,A01339,,
BUTY NORDICA SPEEDMACHINE 110 rozm26 /2024 //06,A01340,,
BUTY NORDICA SPEEDMACHINE 110 rozm26 /2024 //07,A01341,,
BUTY NORDICA SPEEDMACHINE 110 rozm26 /2024 //08,A01342,,
BUTY NORDICA SPEEDMACHINE 110 rozm26 /2024 //09,A01300,,
BUTY NORDICA SPEEDMACHINE 110 rozm26 /2024 //10,A01301,,
BUTY K2 RECON BOA 110 rozm26 /2025 //01,BP07,,
BUTY HEAD EDGE LYT 7 W R rozm27 /2025 //01,FL65,,
BUTY HEAD EDGE LYT 7 W R rozm27 /2025 //02,BO69,,
BUTY HEAD EDGE LYT 7 W R rozm27 /2025 //03,BO68,,
BUTY HEAD EDGE LYT 7 W R rozm27 /2025 //04,FL64,,
BUTY HEAD EDGE LYT 7 W R rozm27 /2025 //05,DI198,,
BUTY SALOMON QUEST ACCESS 70W rozm27 /2024 //01,B3633,,
BUTY SALOMON QUEST ACCESS 70W rozm27 /2024 //02,B3637,,
BUTY SALOMON QUEST ACCESS 70W rozm27 /2024 //03,B3622,,
BUTY SALOMON QUEST ACCESS 70W rozm27 /2024 //04,B3636,,
BUTY SALOMON QUEST ACCESS 80 rozm27 /2024 //01,A01414,,
BUTY SALOMON QUEST ACCESS 80 rozm27 /2024 //02,A01379,,
BUTY SALOMON QUEST ACCESS 80 rozm27 /2024 //03,A01380,,
BUTY SALOMON QUEST ACCESS 80 rozm27 /2024 //04,A01381,,
BUTY SALOMON QUEST ACCESS 80 rozm27 /2024 //05,A01382,,
BUTY SALOMON QUEST ACCESS 80 rozm27 /2024 //06,A01383,,
BUTY SALOMON QUEST ACCESS 80 rozm27 /2024 //07,A01384,,
BUTY SALOMON QUEST ACCESS 80 rozm27 /2024 //08,A01385,,
BUTY SALOMON QUEST ACCESS 80 rozm27 /2024 //09,A01386,,
BUTY SALOMON QUEST ACCESS 80 rozm27 /2024 //10,A01387,,
BUTY SALOMON QUEST ACCESS 80 rozm27 /2024 //11,A01388,,
BUTY SALOMON QUEST ACCESS 80 rozm27 /2024 //12,A01389,,
BUTY SALOMON QUEST ACCESS 80 rozm27 /2024 //13,B3186,,
BUTY SALOMON QUEST ACCESS 80 rozm27 /2024 //14,A01390,,
BUTY SALOMON QUEST ACCESS 80 rozm27 /2024 //15,B3675,,
BUTY HEAD EDGE LYT 9 R rozm27 /2025 //01,A01408,,
BUTY HEAD EDGE LYT 9 R rozm27 /2025 //02,A01409,,
BUTY HEAD EDGE LYT 9 R rozm27 /2025 //03,A01410,,
BUTY HEAD EDGE LYT 9 R rozm27 /2025 //04,A01411,,
BUTY HEAD EDGE LYT 9 R rozm27 /2025 //05,BO61,,
BUTY HEAD EDGE LYT 9 R rozm27 /2025 //06,BO64,,
BUTY HEAD EDGE LYT 9 R rozm27 /2025 //07,FL60,,
BUTY HEAD EDGE LYT 9 R rozm27 /2025 //08,63438,,
BUTY HEAD EDGE LYT 9 R rozm27 /2025 //09,60195,,
BUTY HEAD EDGE LYT 9 R rozm27 /2025 //10,FL62,,
BUTY ATOMIC HAWX PRIME 90 rozm27 /2025 //01,A01223,,
BUTY ATOMIC HAWX PRIME 90 rozm27 /2025 //02,A01224,,
BUTY ATOMIC HAWX PRIME 90 rozm27 /2025 //03,A01225,,
BUTY ATOMIC HAWX PRIME 90 rozm27 /2025 //04,A01226,,
BUTY ATOMIC HAWX PRIME 90 rozm27 /2025 //05,A01227,,
BUTY TECNICA MACH SPORT MV 90 rozm27 /2024 //01,A01230,,
BUTY TECNICA MACH SPORT MV 90 rozm27 /2024 //02,A01231,,
BUTY NORDICA SPORTMACHINE 3 90 R rozm27 /2025 //01,FB67624,,
BUTY NORDICA SPORTMACHINE 3 90 R rozm27 /2025 //02,FB67815,,
BUTY NORDICA SPORTMACHINE 3 90 R rozm27 /2025 //03,FB67567,,
BUTY NORDICA SPORTMACHINE 3 90 R rozm27 /2025 //04,FB67501,,
BUTY NORDICA SPORTMACHINE 3 90 R rozm27 /2025 //05,EL8955J,,
BUTY NORDICA SPORTMACHINE 3 90 R rozm27 /2025 //06,62138,,
BUTY NORDICA SPORTMACHINE 3 90 R rozm27 /2025 //07,FB67837,,
BUTY NORDICA SPORTMACHINE 3 90 R rozm27 /2025 //08,FB67747,,
BUTY NORDICA SPORTMACHINE 3 90 R rozm27 /2025 //09,A01407,,
BUTY NORDICA SPORTMACHINE 3 90 R rozm27 /2025 //10,A01406,,
BUTY NORDICA SPORTMACHINE 3 90 R rozm27 /2025 //11,A01405,,
BUTY NORDICA SPORTMACHINE 3 90 R rozm27 /2025 //12,A01404,,
BUTY NORDICA SPORTMACHINE 3 90 R rozm27 /2025 //13,A01403,,
BUTY NORDICA SPORTMACHINE 3 90 R rozm27 /2025 //14,A01402,,
BUTY NORDICA SPORTMACHINE 3 90 R rozm27 /2025 //15,A01401,,
BUTY NORDICA SPORTMACHINE 3 90 R rozm27 /2025 //16,A01400,,
BUTY NORDICA SPORTMACHINE 3 90 R rozm27 /2025 //17,A01399,,
BUTY NORDICA SPORTMACHINE 3 90 R rozm27 /2025 //18,A01398,,
BUTY NORDICA SPORTMACHINE 3 90 R rozm27 /2025 //19,A01397,,
BUTY NORDICA SPORTMACHINE 3 90 R rozm27 /2025 //20,A01306,,
BUTY NORDICA SPORTMACHINE 3 90 R rozm27 /2025 //21,A01234,,
BUTY NORDICA SPORTMACHINE 3 90 R rozm27 /2025 //22,A01233,,
BUTY NORDICA SPORTMACHINE 3 90 R rozm27 /2025 //23,A01232,,
BUTY NORDICA SPEEDMACHINE 3 95 W R rozm27 /2024 //01,A01229,,
BUTY ATOMIC HAWX PRIME PRO 100 rozm27 /2024 //01,A01304,,
BUTY ATOMIC HAWX PRIME PRO 100 rozm27 /2024 //02,A01305,,
BUTY NORDICA SPORTMACHINE 3 100 R rozm27 /2024 //01,A01228,,
BUTY NORDICA SPEEDMACHINE 110 rozm27 /2024 //01,A01415,,
BUTY NORDICA SPEEDMACHINE 110 rozm27 /2024 //02,A01416,,
BUTY NORDICA SPEEDMACHINE 110 rozm27 /2024 //03,A01417,,
BUTY NORDICA SPEEDMACHINE 110 rozm27 /2024 //04,A01418,,
BUTY NORDICA SPEEDMACHINE 110 rozm27 /2024 //05,A01419,,
BUTY NORDICA SPEEDMACHINE 110 rozm27 /2024 //06,A01420,,
BUTY NORDICA SPEEDMACHINE 110 rozm27 /2024 //07,A01421,,
BUTY NORDICA SPEEDMACHINE 110 rozm27 /2024 //08,A01422,,
BUTY NORDICA SPEEDMACHINE 110 rozm27 /2024 //09,A01423,,
BUTY NORDICA SPEEDMACHINE 110 rozm27 /2024 //10,A01426,,
BUTY NORDICA SPEEDMACHINE 110 rozm27 /2024 //11,A01427,,
BUTY NORDICA SPEEDMACHINE 110 rozm27 /2024 //12,A01425,,
BUTY K2 RECON BOA 110 rozm27 /2025 //01,BO91,,
BUTY K2 RECON BOA 110 rozm27 /2025 //02,DJ08,,
BUTY SALOMON S/PRO SUPRA 110 R BOA rozm27 /2024 //01,A01303,,
BUTY SALOMON S/PRO ALPHA 110 rozm27 /2025 //01,A01302,,
BUTY SALOMON QUEST ACCESS 80 rozm28 /2024 //01,A01250,,
BUTY SALOMON QUEST ACCESS 80 rozm28 /2024 //02,A01251,,
BUTY SALOMON QUEST ACCESS 80 rozm28 /2024 //03,A01252,,
BUTY SALOMON QUEST ACCESS 80 rozm28 /2024 //04,A01253,,
BUTY SALOMON QUEST ACCESS 80 rozm28 /2024 //05,A01254,,
BUTY NORDICA SPORTMACHINE 3 90 R rozm28 /2025 //01,BN50,,
BUTY NORDICA SPORTMACHINE 3 90 R rozm28 /2025 //02,BN53,,
BUTY NORDICA SPORTMACHINE 3 90 R rozm28 /2025 //03,BN54,,
BUTY NORDICA SPORTMACHINE 3 90 R rozm28 /2025 //04,BN61,,
BUTY NORDICA SPORTMACHINE 3 90 R rozm28 /2025 //05,A01356,,
BUTY NORDICA SPORTMACHINE 3 90 R rozm28 /2025 //06,A01357,,
BUTY NORDICA SPORTMACHINE 3 90 R rozm28 /2025 //07,A01358,,
BUTY NORDICA SPORTMACHINE 3 90 R rozm28 /2025 //08,A01359,,
BUTY NORDICA SPORTMACHINE 3 90 R rozm28 /2025 //09,A01360,,
BUTY NORDICA SPORTMACHINE 3 90 R rozm28 /2025 //10,A01213,,
BUTY NORDICA SPORTMACHINE 3 90 R rozm28 /2025 //11,A01214,,
BUTY NORDICA SPORTMACHINE 3 90 R rozm28 /2025 //12,A01215,,
BUTY NORDICA SPORTMACHINE 3 90 R rozm28 /2025 //13,A01216,,
BUTY NORDICA SPORTMACHINE 3 90 R rozm28 /2025 //14,A01235,,
BUTY NORDICA SPORTMACHINE 3 90 R rozm28 /2025 //15,A01236,,
BUTY NORDICA SPORTMACHINE 3 90 R rozm28 /2025 //16,EA47912,,
BUTY NORDICA SPORTMACHINE 3 90 R rozm28 /2025 //17,A01238,,
BUTY NORDICA SPORTMACHINE 3 90 R rozm28 /2025 //18,A01239,,
BUTY ATOMIC HAWX PRIME 90 rozm28 /2025 //01,A01260,,
BUTY ATOMIC HAWX PRIME 90 rozm28 /2025 //02,A01259,,
BUTY HEAD EDGE LYT 9 R rozm28 /2025 //01,FL71,,
BUTY HEAD EDGE LYT 9 R rozm28 /2025 //02,BO71,,
BUTY HEAD EDGE LYT 9 R rozm28 /2025 //03,62597,,
BUTY HEAD EDGE LYT 9 R rozm28 /2025 //04,BO81,,
BUTY HEAD EDGE LYT 9 R rozm28 /2025 //05,FL70,,
BUTY HEAD EDGE LYT 9 R rozm28 /2025 //06,BO83,,
BUTY HEAD EDGE LYT 9 R rozm28 /2025 //07,BO72,,
BUTY HEAD EDGE LYT 9 R rozm28 /2025 //08,BO78,,
BUTY HEAD EDGE LYT 9 R rozm28 /2025 //09,A01355,,
BUTY HEAD EDGE LYT 9 R rozm28 /2025 //10,BO80,,
BUTY TECNICA MACH SPORT MV 90 rozm28 /2024 //01,A01258,,
BUTY TECNICA MACH SPORT MV 90 rozm28 /2024 //02,A01256,,
BUTY ATOMIC HAWX PRIME PRO 100 rozm28 /2024 //01,A01257,,
BUTY SALOMON S/PRO R 110 MV rozm28 /2024 //01,A01255,,
BUTY K2 RECON BOA 110 rozm28 /2025 //01,FN10,,
BUTY K2 RECON BOA 110 rozm28 /2025 //02,BP11,,
BUTY SALOMON S/PRO ALPHA 110 rozm28 /2025 //01,A01261,,
BUTY NORDICA SPEEDMACHINE 110 rozm28 /2024 //01,A01240,,
BUTY NORDICA SPEEDMACHINE 110 rozm28 /2024 //02,A01241,,
BUTY NORDICA SPEEDMACHINE 110 rozm28 /2024 //03,A01242,,
BUTY NORDICA SPEEDMACHINE 110 rozm28 /2024 //04,A01243,,
BUTY NORDICA SPEEDMACHINE 110 rozm28 /2024 //05,A01244,,
BUTY NORDICA SPEEDMACHINE 110 rozm28 /2024 //06,A01245,,
BUTY NORDICA SPEEDMACHINE 110 rozm28 /2024 //07,A01246,,
BUTY NORDICA SPEEDMACHINE 110 rozm28 /2024 //08,A01247,,
BUTY NORDICA SPEEDMACHINE 110 rozm28 /2024 //09,A01248,,
BUTY NORDICA SPEEDMACHINE 110 rozm28 /2024 //10,A01249,,
BUTY SALOMON QUEST ACCESS 80 rozm29 /2024 //01,B3762,,
BUTY SALOMON QUEST ACCESS 80 rozm29 /2024 //02,B3792,,
BUTY SALOMON QUEST ACCESS 80 rozm29 /2024 //03,B3760,,
BUTY SALOMON QUEST ACCESS 80 rozm29 /2024 //04,B3793,,
BUTY SALOMON QUEST ACCESS 80 rozm29 /2024 //05,B3786,,
BUTY HEAD EDGE LYT 9 R rozm29 /2025 //01,BO85,,
BUTY HEAD EDGE LYT 9 R rozm29 /2025 //02,FM92,,
BUTY HEAD EDGE LYT 9 R rozm29 /2025 //03,FM94,,
BUTY HEAD EDGE LYT 9 R rozm29 /2025 //04,BO74,,
BUTY HEAD EDGE LYT 9 R rozm29 /2025 //05,BO86,,
BUTY HEAD EDGE LYT 9 R rozm29 /2025 //06,BO76,,
BUTY HEAD EDGE LYT 9 R rozm29 /2025 //07,BO87,,
BUTY HEAD EDGE LYT 9 R rozm29 /2025 //08,BO88,,
BUTY NORDICA SPORTMACHINE 3 90 R rozm29 /2024 //01,A01262,,
BUTY NORDICA SPORTMACHINE 3 90 R rozm29 /2024 //02,A01263,,
BUTY NORDICA SPORTMACHINE 3 90 R rozm29 /2024 //03,A01264,,
BUTY NORDICA SPORTMACHINE 3 90 R rozm29 /2024 //04,A01265,,
BUTY NORDICA SPORTMACHINE 3 90 R rozm29 /2024 //05,A01266,,
BUTY NORDICA SPORTMACHINE 3 90 R rozm29 /2024 //06,A01267,,
BUTY NORDICA SPORTMACHINE 3 90 R rozm29 /2024 //07,A01268,,
BUTY NORDICA SPORTMACHINE 3 90 R rozm29 /2024 //08,A01269,,
BUTY NORDICA SPORTMACHINE 3 90 R rozm29 /2024 //09,A01270,,
BUTY NORDICA SPORTMACHINE 3 90 R rozm29 /2024 //10,A01433,,
BUTY NORDICA SPORTMACHINE 3 90 R rozm29 /2024 //11,A01434,,
BUTY NORDICA SPORTMACHINE 3 90 R rozm29 /2024 //12,A01435,,
BUTY NORDICA SPORTMACHINE 3 90 R rozm29 /2024 //13,A01436,,
BUTY NORDICA SPORTMACHINE 3 90 R rozm29 /2024 //14,A01437,,
BUTY NORDICA SPORTMACHINE 3 90 R rozm29 /2024 //15,A01438,,
BUTY NORDICA SPORTMACHINE 3 90 R rozm29 /2024 //16,A01439,,
BUTY ATOMIC HAWX MAGNA 110 S rozm29 /2024 //01,A01445,,
BUTY K2 RECON BOA 110 rozm29 /2025 //01,FN12,,
BUTY NORDICA SPEEDMACHINE 110 rozm29 /2024  //01,A01440,,
BUTY NORDICA SPEEDMACHINE 110 rozm29 /2024  //02,A01441,,
BUTY NORDICA SPEEDMACHINE 110 rozm29 /2024  //03,A01442,,
BUTY NORDICA SPEEDMACHINE 110 rozm29 /2024  //04,A01443,,
BUTY NORDICA SPEEDMACHINE 110 rozm29 /2024  //05,A01444,,
BUTY SALOMON QUEST ACCESS 80 rozm30 /2024 //01,B3811,,
BUTY SALOMON QUEST ACCESS 80 rozm30 /2024 //02,B3795,,
BUTY HEAD EDGE LYT 9 R rozm30 /2025 //01,FM62,,
BUTY HEAD EDGE LYT 9 R rozm30 /2025 //02,BO12,,
BUTY NORDICA SPORTMACHINE 3 90 R rozm30 /2024 //01,58058,,
BUTY NORDICA SPORTMACHINE 3 90 R rozm30 /2024 //02,EA68454,,
BUTY NORDICA SPORTMACHINE 3 90 R rozm30 /2024 //03,A01296,,
BUTY NORDICA SPORTMACHINE 3 90 R rozm30 /2024 //04,58056,,
BUTY NORDICA SPORTMACHINE 3 90 R rozm30 /2024 //05,A01297,,
BUTY NORDICA SPEEDMACHINE 110 rozm30 /2024 //01,A01446,,
BUTY NORDICA SPEEDMACHINE 110 rozm30 /2024 //02,A01447,,
BUTY NORDICA SPEEDMACHINE 110 rozm30 /2024 //03,A01448,,
BUTY NORDICA SPEEDMACHINE 110 rozm30 /2024 //04,A01449,,
BUTY NORDICA SPEEDMACHINE 110 rozm30 /2024 //05,A01450,,
BUTY SALOMON QUEST ACCESS 80 rozm31 /2024 //01,B3820,,
BUTY ATOMIC HAWX PRIME PRO 100 rozm31 /2024 //01,A3881,,
BUTY NORDICA SPORTMACHINE 3 100 R rozm31 /2024 //01,A01299,,
BUTY NORDICA SPEEDMACHINE 3 110 R rozm31 /2024 //01,A01298,,
,,,
BUTY SALOMON T1 RT JR rozm15 /2024 //01,B4277,,
BUTY SALOMON T1 RT JR rozm15 /2024 //02,B4284,,
BUTY SALOMON T1 RT JR rozm15 /2024 //03,B4276,,
BUTY SALOMON T1 RT JR rozm16 /2024 //01,B4259,,
BUTY SALOMON T1 RT JR rozm16 /2024 //02,B4249,,
BUTY SALOMON T1 RT JR rozm16 /2024 //03,B4268,,
BUTY SALOMON T1 RT JR rozm16 /2024 //04,B4274,,
BUTY SALOMON T1 RT JR rozm16 /2024 //05,A01361,,
BUTY SALOMON T1 RT JR rozm16 /2024 //06,B4271,,
BUTY SALOMON T1 RT JR rozm17 /2024 //01,B4298,,
BUTY SALOMON T1 RT JR rozm17 /2024 //02,B4291,,
BUTY SALOMON T1 RT JR rozm17 /2024 //03,B4302,,
BUTY SALOMON T1 RT JR rozm17 /2024 //04,B3854,,
BUTY SALOMON T1 RT JR rozm17 /2024 //05,B4290,,
BUTY SALOMON T1 RT JR rozm17 /2024 //06,A01362,,
BUTY SALOMON T1 RT JR rozm17 /2024 //07,B3852,,
BUTY SALOMON T1 RT JR rozm17 /2024 //08,B4295,,
BUTY SALOMON T1 RT JR rozm17 /2024 //09,B4293,,
BUTY SALOMON T1 RT JR rozm17 /2024 //10,B4289,,
BUTY SALOMON T1 RT JR rozm17 /2024 //11,A01363,,
BUTY SALOMON T1 RT JR rozm17 /2024 //12,B4281,,
BUTY SALOMON T2 RT JR rozm18 /2024 //01,B3857,,
BUTY SALOMON T2 RT JR rozm18 /2024 //02,B4303,,
BUTY SALOMON T2 RT JR rozm18 /2024 //03,B3859,,
BUTY SALOMON T2 RT JR rozm18 /2024 //04,B4325,,
BUTY SALOMON T2 RT JR rozm18 /2024 //05,B4322,,
BUTY SALOMON T2 RT JR rozm18 /2024 //06,B4324,,
BUTY SALOMON T2 RT JR rozm18 /2024 //07,B4312,,
BUTY SALOMON T2 RT JR rozm18 /2024 //08,B4315,,
BUTY SALOMON T2 RT JR rozm18 /2024 //09,B4323,,
BUTY SALOMON T2 RT JR rozm18 /2024 //10,B3858,,
BUTY DALBELLO CX1 JR rozm18 //01,627888,,
BUTY DALBELLO CX1 JR rozm18 //02,A01365,,
BUTY DALBELLO CX1 JR rozm18 //03,521254,,
BUTY DALBELLO CX1 JR rozm18 //04,627884,,
BUTY DALBELLO CX1 JR rozm18 //05,627885,,
BUTY DALBELLO CX1 JR rozm18 //06,627886,,
BUTY DALBELLO CX1 JR rozm18 //07,627887,,
BUTY DALBELLO CX1 JR rozm18 //08,521122,,
BUTY SALOMON T2 RT JR rozm19 /2024 //01,B4346,,
BUTY SALOMON T2 RT JR rozm19 /2024 //02,B4345,,
BUTY SALOMON T2 RT JR rozm19 /2024 //03,A01541,,
BUTY SALOMON T2 RT JR rozm19 /2024 //04,A01542,,
BUTY SALOMON T2 RT JR rozm19 /2024 //05,B4362,,
BUTY SALOMON T2 RT JR rozm19 /2024 //06,B4343,,
BUTY SALOMON T2 RT JR rozm19 /2024 //07,B4335,,
BUTY SALOMON T2 RT JR rozm19 /2024 //08,B4342,,
BUTY SALOMON T2 RT JR rozm19 /2024 //09,B3868,,
BUTY SALOMON T2 RT JR rozm19 /2024 //10,B4332,,
BUTY DALBELLO CX2 JR rozm19 //01,627896,,
BUTY DALBELLO CX2 JR rozm19 //02,627897,,
BUTY DALBELLO CX2 JR rozm19 //03,627898,,
BUTY DALBELLO CX2 JR rozm19 //04,627899,,
BUTY DALBELLO CX2 JR rozm19 //05,627900,,
BUTY DALBELLO CX2 JR rozm19 //06,627901,,
BUTY DALBELLO CX2 JR rozm19 //07,627902,,
BUTY DALBELLO CX2 JR rozm19 //08,627903,,
BUTY DALBELLO CX2 JR rozm19 //09,627904,,
BUTY DALBELLO CX2 JR rozm19 //10,627905,,
BUTY DALBELLO CX2 JR rozm19 //11,518313,,
BUTY DALBELLO CX2 JR rozm19 //12,518438,,
BUTY DALBELLO CX2 JR rozm19 //13,533125,,
BUTY DALBELLO CX2 JR rozm19 //14,536781,,
BUTY DALBELLO CX2 JR rozm19 //15,533347,,
BUTY DALBELLO CX2 JR rozm19 //16,536787,,
BUTY DALBELLO CX2 JR rozm19 //17,522850,,
BUTY DALBELLO CX2 JR rozm19 //18,533408,,
BUTY DALBELLO CX2 JR rozm19 //19,518456,,
BUTY DALBELLO CX2 JR rozm19 //20,A01543,,
BUTY SALOMON T2 RT JR rozm20 /2024 //01,B3876,,
BUTY SALOMON T2 RT JR rozm20 /2024 //02,B4873,,
BUTY SALOMON T2 RT JR rozm20 /2024 //03,B3872,,
BUTY SALOMON T2 RT JR rozm20 /2024 //04,B3875,,
BUTY SALOMON T2 RT JR rozm20 /2024 //05,B4372,,
BUTY SALOMON T2 RT JR rozm20 /2024 //06,B4875,,
BUTY SALOMON T2 RT JR rozm20 /2024 //07,B4382,,
BUTY SALOMON T2 RT JR rozm20 /2024 //08,B4872,,
BUTY SALOMON T2 RT JR rozm20 /2024 //09,B3874,,
BUTY SALOMON T2 RT JR rozm20 /2024 //10,B3871,,
BUTY DALBELLO CX2 JR rozm 20 //01,627916,,
BUTY DALBELLO CX2 JR rozm 20 //02,627917,,
BUTY DALBELLO CX2 JR rozm 20 //03,A01544,,
BUTY DALBELLO CX2 JR rozm 20 //04,627919,,
BUTY DALBELLO CX2 JR rozm 20 //05,627920,,
BUTY DALBELLO CX2 JR rozm 20 //06,627921,,
BUTY DALBELLO CX2 JR rozm 20 //07,A00550,,
BUTY DALBELLO CX2 JR rozm 20 //08,627923,,
BUTY DALBELLO CX2 JR rozm 20 //09,A01545,,
BUTY DALBELLO CX2 JR rozm 20 //10,A00857,,
BUTY SALOMON T2 JR rozm20 /2023 //01,A01546,,
BUTY SALOMON T2 JR rozm20 /2023 //02,A00078,,
BUTY SALOMON T2 JR rozm20 /2023 //03,7184,,
BUTY SALOMON T2 JR rozm20 /2023 //04,7191,,
BUTY SALOMON T2 JR rozm20 /2023 //05,7153,,
BUTY SALOMON T2 JR rozm20 /2023 //06,7171,,
BUTY SALOMON T2 JR rozm20 /2023 //07,7146,,
BUTY SALOMON T2 JR rozm20 /2023 //08,7167,,
BUTY SALOMON T2 JR rozm20 /2023 //09,7174,,
BUTY SALOMON T2 JR rozm20 /2023 //10,7194,,
BUTY SALOMON T2 RT JR rozm21 /2024 //01,B3889,,
BUTY SALOMON T2 RT JR rozm21 /2024 //02,B4884,,
BUTY SALOMON T2 RT JR rozm21 /2024 //03,B4399,,
BUTY SALOMON T2 RT JR rozm21 /2024 //04,B4894,,
BUTY SALOMON T2 RT JR rozm21 /2024 //05,B4440,,
BUTY SALOMON T2 RT JR rozm21 /2024 //06,B3880,,
BUTY SALOMON T2 RT JR rozm21 /2024 //07,A01547,,
BUTY SALOMON T2 RT JR rozm21 /2024 //08,A01548,,
BUTY SALOMON T2 RT JR rozm21 /2024 //09,A01549,,
BUTY SALOMON T2 RT JR rozm21 /2024 //10,A01550,,
BUTY SALOMON T2 RT JR rozm21 /2024 //11,B4897,,
BUTY SALOMON T2 RT JR rozm21 /2024 //12,B4414,,
BUTY SALOMON T2 RT JR rozm21 /2024 //13,A01551,,
BUTY SALOMON T2 RT JR rozm21 /2024 //14,A01552,,
BUTY SALOMON T2 RT JR rozm21 /2024 //15,A01553,,
BUTY SALOMON T2 RT JR rozm21 /2024 //16,A01555,,
BUTY SALOMON T2 RT JR rozm21 /2024 //17,A01556,,
BUTY SALOMON T2 RT JR rozm21 /2024 //18,A01557,,
BUTY SALOMON T2 RT JR rozm21 /2024 //19,A01558,,
BUTY SALOMON T2 RT JR rozm21 /2024 //20,A01703,,
BUTY SALOMON T2 RT JR rozm21 /2024 //21,A01704,,
BUTY SALOMON T2 RT JR rozm21 /2024 //22,A01705,,
BUTY NORDICA SPEEDMACHINE J4 JR rozm21 /2023 //01,58104,,
BUTY NORDICA SPEEDMACHINE J4 JR rozm21 /2023 //02,50533,,
BUTY NORDICA SPEEDMACHINE J4 JR rozm21 /2023 //03,50532,,
BUTY NORDICA SPEEDMACHINE J4 JR rozm21 /2023 //04,39417,,
BUTY NORDICA SPEEDMACHINE J4 JR rozm21 /2023 //05,57040,,
"BUTY DALBELLO CX 2,0 rozm21 //01",A01706,,
"BUTY DALBELLO CX 2,0 rozm21 //02",A01707,,
"BUTY DALBELLO CX 2,0 rozm21 //03",A01708,,
"BUTY DALBELLO CX 2,0 rozm21 //04",A01709,,
"BUTY DALBELLO CX 2,0 rozm21 //05",A01710,,
"BUTY DALBELLO CX 2,0 rozm21 //06",A01711,,
"BUTY DALBELLO CX 2,0 rozm21 //07",A01712,,
"BUTY DALBELLO CX 2,0 rozm21 //08",A01713,,
"BUTY DALBELLO CX 2,0 rozm21 //09",A01714,,
"BUTY DALBELLO CX 2,0 rozm21 //10",A01715,,
"BUTY DALBELLO CX 2,0 rozm21 //11",A01716,,
"BUTY DALBELLO CX 2,0 rozm21 //12",A01717,,
"BUTY DALBELLO CX 2,0 rozm21 //13",A01718,,
"BUTY DALBELLO CX 2,0 rozm21 //14",A01719,,
"BUTY DALBELLO CX 2,0 rozm21 //15",A01720,,
BUTY SALOMON T4 RT JR rozm22 /2024 //01,A01667,,
BUTY SALOMON T4 RT JR rozm22 /2024 //02,B4900,,
BUTY SALOMON T4 RT JR rozm22 /2024 //03,B4482,,
BUTY SALOMON T4 RT JR rozm22 /2024 //04,B4497,,
BUTY SALOMON T4 RT JR rozm22 /2024 //05,B4481,,
BUTY SALOMON T4 RT JR rozm22 /2024 //06,A01668,,
BUTY SALOMON T4 RT JR rozm22 /2024 //07,A01669,,
BUTY SALOMON T4 RT JR rozm22 /2024 //08,A01670,,
BUTY SALOMON T4 RT JR rozm22 /2024 //09,A01671,,
BUTY SALOMON T4 RT JR rozm22 /2024 //10,A01672,,
BUTY SALOMON T4 RT JR rozm22 /2024 //11,A01673,,
BUTY SALOMON T4 RT JR rozm22 /2024 //12,A01674,,
BUTY SALOMON T4 RT JR rozm22 /2024 //13,A01675,,
BUTY SALOMON T4 RT JR rozm22 /2024 //14,A01676,,
BUTY SALOMON T4 RT JR rozm22 /2024 //15,A01677,,
BUTY SALOMON T4 RT JR rozm22 /2024 //16,A01678,,
BUTY SALOMON T4 RT JR rozm22 /2024 //17,A01679,,
BUTY SALOMON T4 RT JR rozm22 /2024 //18,A01680,,
BUTY SALOMON T4 RT JR rozm22 /2024 //19,B4901,,
BUTY SALOMON T4 RT JR rozm22 /2024 //20,B4904,,
BUTY SALOMON T4 RT JR rozm22 /2024 //21,B4465,,
BUTY SALOMON T4 RT JR rozm22 /2024 //22,B4492,,
BUTY SALOMON T4 RT JR rozm22 /2024 //23,B4491,,
BUTY SALOMON T4 RT JR rozm22 /2024 //24,B4477,,
BUTY SALOMON T4 RT JR rozm22 /2024 //25,B4467,,
BUTY SALOMON T4 RT JR rozm22 /2024 //26,B4502,,
BUTY SALOMON T4 RT JR rozm22 /2024 //27,A01681,,
BUTY SALOMON T4 RT JR rozm22 /2024 //28,B4910,,
BUTY SALOMON T4 RT JR rozm22 /2024 //29,B4918,,
BUTY SALOMON T4 RT JR rozm22 /2024 //30,B4458,,
BUTY SALOMON T4 RT JR rozm22 /2024 //31,B4514,,
BUTY SALOMON T4 RT JR rozm22 /2024 //32,A01682,,
BUTY SALOMON T4 RT JR rozm22 /2024 //33,B4505,,
BUTY SALOMON T4 RT JR rozm22 /2024 //34,B4511,,
BUTY SALOMON T4 RT JR rozm22 /2024 //35,B4449,,
BUTY SALOMON T4 RT JR rozm22 /2024 //36,B4501,,
BUTY SALOMON T4 RT JR rozm22 /2024 //37,B4459,,
BUTY SALOMON T4 RT JR rozm22 /2024 //38,B4499,,
BUTY DALBELLO CX2 JR rozm 22 //01,A01683,,
BUTY DALBELLO CX2 JR rozm 22 //02,A01684,,
BUTY DALBELLO CX2 JR rozm 22 //03,A01685,,
BUTY DALBELLO CX2 JR rozm 22 //04,627947,,
BUTY DALBELLO CX2 JR rozm 22 //05,627948,,
BUTY DALBELLO CX2 JR rozm 22 //06,A01686,,
BUTY DALBELLO CX2 JR rozm 22 //07,A01687,,
BUTY DALBELLO CX2 JR rozm 22 //08,A01688,,
BUTY DALBELLO CX2 JR rozm 22 //09,A01689,,
BUTY DALBELLO CX2 JR rozm 22 //10,627953,,
BUTY SALOMON T4 RT JR rozm23 /2024 //01,B3904,,
BUTY SALOMON T4 RT JR rozm23 /2024 //02,B4558,,
BUTY SALOMON T4 RT JR rozm23 /2024 //03,B4541,,
BUTY SALOMON T4 RT JR rozm23 /2024 //04,B4927,,
BUTY SALOMON T4 RT JR rozm23 /2024 //05,B4550,,
BUTY SALOMON T4 RT JR rozm23 /2024 //06,B4926,,
BUTY SALOMON T4 RT JR rozm23 /2024 //07,A01640,,
BUTY SALOMON T4 RT JR rozm23 /2024 //08,A01641,,
BUTY SALOMON T4 RT JR rozm23 /2024 //09,A01642,,
BUTY SALOMON T4 RT JR rozm23 /2024 //10,B4533,,
BUTY SALOMON T4 RT JR rozm23 /2024 //11,B4537,,
BUTY SALOMON T4 RT JR rozm23 /2024 //12,A01643,,
BUTY SALOMON T4 RT JR rozm23 /2024 //13,A01644,,
BUTY SALOMON T4 RT JR rozm23 /2024 //14,A01645,,
BUTY SALOMON T4 RT JR rozm23 /2024 //15,A01646,,
BUTY SALOMON T4 RT JR rozm23 /2024 //16,A01647,,
BUTY SALOMON T4 RT JR rozm23 /2024 //17,A01648,,
BUTY SALOMON T4 RT JR rozm23 /2024 //18,A01721,,
BUTY SALOMON T4 RT JR rozm23 /2024 //19,A01722,,
BUTY SALOMON T4 RT JR rozm23 /2024 //20,A01723,,
BUTY SALOMON T4 RT JR rozm23 /2024 //21,A01724,,
BUTY SALOMON T4 RT JR rozm23 /2024 //22,A01725,,
BUTY SALOMON T4 RT JR rozm23 /2024 //23,A01726,,
BUTY SALOMON T4 RT JR rozm23 /2024 //24,A01727,,
BUTY SALOMON T4 RT JR rozm23 /2024 //25,A01728,,
BUTY SALOMON T4 RT JR rozm23 /2024 //26,A01729,,
BUTY SALOMON T4 RT JR rozm23 /2024 //27,A01730,,
BUTY SALOMON T4 RT JR rozm23 /2024 //28,A01731,,
BUTY SALOMON T4 RT JR rozm23 /2024 //29,A01732,,
BUTY SALOMON T4 RT JR rozm23 /2024 //30,A01733,,
BUTY SALOMON T4 RT JR rozm23 /2024 //31,B4928,,
BUTY SALOMON T4 RT JR rozm23 /2024 //32,B4553,,
BUTY SALOMON T4 RT JR rozm23 /2024 //33,A01734,,
BUTY SALOMON T4 RT JR rozm23 /2024 //34,B4535,,
BUTY SALOMON T4 RT JR rozm23 /2024 //35,B4932,,
BUTY SALOMON T4 RT JR rozm23 /2024 //36,B4579,,
BUTY SALOMON T4 RT JR rozm23 /2024 //37,B4584,,
BUTY SALOMON T4 RT JR rozm23 /2024 //38,B4933,,
BUTY DALBELLO CXR 4.0 JR rozm 23 //01,D174508,,
BUTY DALBELLO CXR 4.0 JR rozm 23 //02,D174536,,
BUTY DALBELLO CXR 4.0 JR rozm 23 //03,D174509,,
BUTY DALBELLO FXR 3.0 JR rozm 23 //01,D367355,,
BUTY DALBELLO FXR 3.0 JR rozm 23 //02,D367358,,
BUTY DALBELLO FXR 3.0 JR rozm 23 //03,D367352,,
BUTY DALBELLO FXR 3.0 JR rozm 23 //04,D367347,,
BUTY DALBELLO FXR 3.0 JR rozm 23 //05,D367327,,
BUTY SALOMON T4 RT JR rozm24 /2024 //01,A01690,,
BUTY SALOMON T4 RT JR rozm24 /2024 //02,A01691,,
BUTY SALOMON T4 RT JR rozm24 /2024 //03,B4598,,
BUTY SALOMON T4 RT JR rozm24 /2024 //04,B4632,,
BUTY SALOMON T4 RT JR rozm24 /2024 //05,B4592,,
BUTY SALOMON T4 RT JR rozm24 /2024 //06,B4646,,
BUTY SALOMON T4 RT JR rozm24 /2024 //07,A01692,,
BUTY SALOMON T4 RT JR rozm24 /2024 //08,B4653,,
BUTY SALOMON T4 RT JR rozm24 /2024 //09,B4649,,
BUTY SALOMON T4 RT JR rozm24 /2024 //10,A01693,,
BUTY SALOMON T4 RT JR rozm24 /2024 //11,B4951,,
BUTY SALOMON T4 RT JR rozm24 /2024 //12,B4939,,
BUTY SALOMON T4 RT JR rozm24 /2024 //13,A01694,,
BUTY SALOMON T4 RT JR rozm24 /2024 //14,A01695,,
BUTY SALOMON T4 RT JR rozm24 /2024 //15,A01696,,
BUTY SALOMON T4 RT JR rozm24 /2024 //16,A01697,,
BUTY SALOMON T4 RT JR rozm24 /2024 //17,A01698,,
BUTY SALOMON T4 RT JR rozm24 /2024 //18,A01699,,
BUTY SALOMON T4 RT JR rozm24 /2024 //19,A01700,,
BUTY SALOMON T4 RT JR rozm24 /2024 //20,A01701,,
BUTY SALOMON T4 RT JR rozm24 /2024 //21,A01702,,
BUTY SALOMON T4 RT JR rozm24 /2024 //22,A01649,,
BUTY SALOMON T4 RT JR rozm24 /2024 //23,A01650,,
BUTY SALOMON T4 RT JR rozm24 /2024 //24,A01651,,
BUTY SALOMON T4 RT JR rozm24 /2024 //25,A01652,,
BUTY SALOMON T4 RT JR rozm24 /2024 //26,A01653,,
BUTY SALOMON T4 RT JR rozm24 /2024 //27,A01654,,
BUTY SALOMON T4 RT JR rozm24 /2024 //28,A01655,,
BUTY SALOMON T4 RT JR rozm24 /2024 //29,A01656,,
BUTY SALOMON T4 RT JR rozm24 /2024 //30,A01657,,
BUTY DALBELLO FXR 3.0 rozm 24 //01,D366887,,
BUTY DALBELLO FXR 3.0 rozm 24 //02,D372591,,
BUTY DALBELLO FXR 3.0 rozm 24 //03,D366874,,
BUTY DALBELLO FXR 3.0 rozm 24 //04,D366888,,
BUTY DALBELLO FXR 3.0 rozm 24 //05,D366873,,
BUTY DALBELLO FXR 3.0 rozm 24 //06,D366883,,
BUTY DALBELLO FXR 3.0 rozm 24 //07,D372600,,
BUTY DALBELLO FXR 3.0 rozm 24 //08,D366890,,
BUTY DALBELLO FXR 3.0 rozm 24 //09,D366892,,
BUTY DALBELLO FXR 3.0 rozm 24 //10,D366893,,
BUTY DALBELLO FXR 3.0 rozm 24 //11,D372593,,
BUTY DALBELLO FXR 3.0 rozm 24 //12,D423512,,
BUTY DALBELLO FXR 3.0 rozm 24 //13,D423517,,
BUTY DALBELLO FXR 3.0 rozm 24 //14,D423524,,
BUTY DALBELLO FXR 3.0 rozm 24 //15,D423515,,
BUTY DALBELLO FXR 3.0 rozm 24 //16,D366863,,
BUTY DALBELLO FXR 3.0 rozm 24 //17,DE66869,,
BUTY DALBELLO FXR 3.0 rozm 25 //01,D372429,,
BUTY DALBELLO FXR 3.0 rozm 25 //02,D372464,,
BUTY DALBELLO FXR 3.0 rozm 25 //03,D372459,,
BUTY DALBELLO FXR 3.0 rozm 25 //04,D372428,,
BUTY DALBELLO FXR 3.0 rozm 25 //05,D372456,,
BUTY DALBELLO FXR 3.0 rozm 25 //06,D372430,,
BUTY DALBELLO FXR 3.0 rozm 25 //07,D372440,,
BUTY DALBELLO FXR 3.0 rozm 25 //08,D372439,,
BUTY DALBELLO FXR 3.0 rozm 25 //09,D372441,,
BUTY DALBELLO FXR 3.0 rozm 25 //10,D372448,,
BUTY DALBELLO FXR 3.0 rozm 25 //11,D372433,,
BUTY DALBELLO FXR 3.0 rozm 25 //12,D372449,,
BUTY DALBELLO FXR 3.0 rozm 25 //13,D372438,,
BUTY DALBELLO FXR 3.0 rozm 25 //14,D372426,,
BUTY DALBELLO FXR 3.0 rozm 25 //15,D372475,,
BUTY DALBELLO FXR 3.0 rozm 25 //16,D372463,,
BUTY DALBELLO FXR 3.0 rozm 25 //17,D372436,,
BUTY DALBELLO FXR 3.0 rozm 25 //18,D424526,,
BUTY DALBELLO FXR 3.0 rozm 25 //19,D424507,,
BUTY DALBELLO FXR 3.0 rozm 25 //20,D424512,,
BUTY SALOMON T4 RT JR rozm25 /2024 //01,A01658,,
BUTY SALOMON T4 RT JR rozm25 /2024 //02,A01659,,
BUTY SALOMON T4 RT JR rozm25 /2024 //03,A01660,,
BUTY SALOMON T4 RT JR rozm25 /2024 //04,A01661,,
BUTY SALOMON T4 RT JR rozm25 /2024 //05,A01662,,
BUTY SALOMON T4 RT JR rozm25 /2024 //06,A01663,,
BUTY SALOMON T4 RT JR rozm25 /2024 //07,A01664,,
BUTY SALOMON T4 RT JR rozm25 /2024 //08,A01665,,
BUTY SALOMON T4 RT JR rozm25 /2024 //09,A01666,,
BUTY SALOMON T4 RT JR rozm25 /2024 //10,A01631,,
BUTY SALOMON T4 RT JR rozm25 /2024 //11,A01632,,
BUTY SALOMON T4 RT JR rozm25 /2024 //12,A01633,,
BUTY SALOMON T4 RT JR rozm25 /2024 //13,A01634,,
BUTY SALOMON T4 RT JR rozm25 /2024 //14,A01635,,
BUTY SALOMON T4 RT JR rozm25 /2024 //15,A01636,,
BUTY SALOMON T4 RT JR rozm25 /2024 //16,A01637,,
BUTY SALOMON T4 RT JR rozm25 /2024 //17,A01638,,
BUTY SALOMON T4 RT JR rozm25 /2024 //18,A01639,,
BUTY DALBELLO FXR 3.0 rozm 26 //01,D358925,,
BUTY DALBELLO FXR 3.0 rozm 26 //02,D359086,,
BUTY DALBELLO FXR 3.0 rozm 26 //03,D359056,,
BUTY DALBELLO FXR 3.0 rozm 26 //04,D359072,,
BUTY DALBELLO FXR 3.0 rozm 26 //05,D359091,,
BUTY DALBELLO FXR 3.0 rozm 26 //06,D359078,,
BUTY DALBELLO FXR 3.0 rozm 26 //07,D359094,,
BUTY DALBELLO FXR 3.0 rozm 26 //08,D359093,,
BUTY DALBELLO FXR 3.0 rozm 26 //09,D359080,,
BUTY DALBELLO FXR 3.0 rozm 26 //10,D359068,,
BUTY DALBELLO FXR 3.0 rozm 26 //11,D359087,,
BUTY DALBELLO FXR 3.0 rozm 26 //12,D358921,,
BUTY HEAD KORE 60 JR rozm27 /2025 //01,A00264,,
BUTY HEAD KORE 60 JR rozm27 /2025 //02,A00265,,
BUTY HEAD KORE 60 JR rozm27 /2025 //03,A00266,,
,,,
DESKA SNOWBOARDOWA HEAD FLOCKA LFW 4D 120cm //01,65692,,
DESKA SNOWBOARDOWA HEAD FLOCKA LFW 4D 120cm //02,35632,,
DESKA SNOWBOARDOWA HEAD FLOCKA LFW 4D 130cm //01,35641,,
DESKA SNOWBOARDOWA FLOW RHYTHM 130cm //01,634217,,
DESKA SNOWBOARDOWA FLOW RHYTHM 130cm //02,634130,,
DESKA SNOWBOARDOWA HEAD FLOCKA LFW 4D 140cm //01,634132,,
DESKA SNOWBOARDOWA HEAD FLOCKA LFW 4D 140cm //02,36425,,
SNOWBOARD HEAD FLOCKA LFW 140cm /2018 //002,634210,,
DESKA NOWA SNOWB. HEAD PRIDE 2.0 AQUA 142cm /2025 //01,A01751,,
DESKA NOWA SNOWB. HEAD PRIDE 2.0 AQUA 142cm /2025 //02,A01752,,
DESKA SNOWBOARDOWA HEAD FLOCKA 142cm /2024 //01,BG35,,
DESKA SNOWBOARDOWA HEAD FLOCKA 142cm /2025 //02,EK12,,
DESKA SNOWBOARDOWA HEAD FLOCKA 142cm /2025 //03,BL28,,
DESKA SNOWBOARDOWA HEAD FLOCKA 142cm /2025 //04,BL29,,
DESKA SNOWBOARDOWA HEAD FLOCKA 146cm /2025 //01,BL30,,
DESKA SNOWBOARDOWA HEAD FLOCKA 146cm /2025 //02,FK46,,
DESKA SNOWBOARDOWA HEAD FLOCKA 146cm /2025 //03,BL31,,
DESKA SNOWBOARDOWA HEAD FLOCKA 146cm /2025 //04,BL33,,
DESKA SNOWBOARDOWA HEAD FLOCKA 146cm /2025 //05,FK47,,
DESKA SNOWBOARDOWA HEAD FLOCKA 146cm /2025 //06,BL34,,
DESKA SNOWBOARDOWA HEAD FLOCKA 146cm /2025 //07,BL32,,
DESKA SNOWBOARDOWA HEAD FLOCKA 146cm /2025 //08,FK48,,
DESKA SNOWBOARDOWA HEAD FLOCKA 146cm /2025 //09,GJ30,,
DESKA NOWA SNOWB. HEAD FOUNTAIN 151cm /2025 //01,A01759,,
DESKA NOWA SNOWB. HEAD FOUNTAIN 151cm /2025 //02,A01760,,
DESKA NOWA SNOWB. HEAD FOUNTAIN 151cm /2025 //03,A01757,,
DESKA NOWA SNOWB. HEAD FOUNTAIN 151cm /2025 //04,A01758,,
DESKA NOWA SNOWB. HEAD TRUE 2.0 BLACK 151cm /2025 //01,A01755,,
DESKA NOWA SNOWB. HEAD TRUE 2.0 BLACK 151cm /2025 //02,A01756,,
DESKA SNOWBOARDOWA HEAD FLOCKA 151cm /2025 //01,EK18,,
DESKA SNOWBOARDOWA HEAD FLOCKA 151cm /2025 //02,EK17,,
DESKA SNOWBOARDOWA HEAD FLOCKA 151cm /2025 //03,FK50,,
DESKA SNOWBOARDOWA HEAD FLOCKA 151cm /2025 //04,BL35,,
DESKA SNOWBOARDOWA K2 EMBASSY 152cm /2025 //01,FK80,,
DESKA SNOWBOARDOWA K2 EMBASSY 152cm /2025 //02,DI20,,
DESKA SNOWBOARDOWA K2 EMBASSY 152cm /2025 //03,EK00,,
DESKA SNOWBOARD UŻYWANA NIDECKER RHYTHM 153cm //01,A01753,,
DESKA SNOWBOARD UŻYWANA NIDECKER RHYTHM 153cm //02,A01754,,
DESKA NOWA SNOWB. HEAD TRUE 2.0 BLACK 154cm /2025 //01,A01761,,
DESKA NOWA SNOWB. HEAD TRUE 2.0 BLACK 154cm /2025 //02,A01762,,
DESKA NOWA SNOWB. HEAD TRUE 2.0 BLACK 154cm /2025 //03,A01763,,
DESKA NOWA SNOWB. HEAD TRUE 2.0 ICE 154cm /2025 //01,A01764,,
DESKA NOWA SNOWB. HEAD TRUE 2.0 ICE 154cm /2025 //02,A01765,,
DESKA NOWA SNOWB. HEAD TRUE 2.0 ICE 154cm /2025 //03,A01766,,
DESKA NOWA SNOWB. HEAD TRUE 2.0 BLUE 154cm /2024 //01,A01767,,
DESKA NOWA SNOWB. HEAD TRUE 2.0 BLUE 154cm /2024 //02,A01768,,
DESKA SNOWBOARDOWA HEAD FLOCKA 154cm /2025 //01,BL39,,
DESKA SNOWBOARDOWA HEAD FLOCKA 154cm /2025 //02,FK53,,
DESKA SNOWBOARDOWA HEAD FLOCKA 154cm /2025 //03,CB72,,
DESKA SNOWBOARDOWA HEAD FLOCKA 154cm /2025 //04,FK55,,
DESKA SNOWBOARDOWA HEAD FLOCKA 154cm /2025 //05,FK52,,
DESKA SNOWBOARDOWA HEAD FLOCKA 154cm /2025 //06,FK54,,
DESKA SNOWBOARDOWA HEAD FLOCKA 154cm /2025 //07,BL38,,
DESKA SNOWBOARDOWA HEAD FLOCKA 154cm /2025 //08,BL37,,
DESKA SNOWBOARDOWA K2 EMBASSY 157cm /2025 //01,BL17,,
DESKA SNOWBOARDOWA K2 EMBASSY 157cm /2025 //02,FK37,,
DESKA SNOWBOARDOWA K2 EMBASSY 157cm /2025 //03,BL16,,
DESKA SNOWBOARDOWA K2 EMBASSY 157cm /2025 //04,EK01,,
DESKA SNOWBOARDOWA K2 EMBASSY 157cm /2025 //05,GJ17,,
DESKA SNOWBOARDOWA K2 EMBASSY 157cm /2025 //06,DI23,,
DESKA SNOWBOARDOWA K2 EMBASSY 157cm /2025 //07,GJ16,,
DESKA SNOWBOARDOWA K2 EMBASSY 157cm /2025 //08,GJ19,,
DESKA SNOWBOARDOWA K2 EMBASSY 157cm /2025 //09,EK04,,
DESKA SNOWBOARDOWA K2 EMBASSY 157cm /2025 //10,DI21,,
DESKA SNOWBOARDOWA HEAD FLOCKA 158cm /2025 //01,BL48,,
DESKA SNOWBOARDOWA HEAD FLOCKA 158cm /2025 //02,BL42,,
DESKA SNOWBOARDOWA HEAD FLOCKA 158cm /2025 //03,EK24,,
DESKA SNOWBOARDOWA HEAD FLOCKA 158cm /2025 //04,FK58,,
DESKA SNOWBOARDOWA HEAD FLOCKA 158cm /2025 //05,FK61,,
DESKA SNOWBOARDOWA HEAD FLOCKA 158cm /2025 //06,BL45,,
DESKA SNOWBOARDOWA HEAD FLOCKA 158cm /2025 //07,BL43,,
DESKA SNOWBOARDOWA HEAD FLOCKA 158cm /2025 //08,EK23,,
DESKA SNOWBOARDOWA HEAD FLOCKA 158cm /2025 //09,BL47,,
DESKA SNOWBOARDOWA HEAD FLOCKA 158cm /2025 //10,BL44,,
DESKA SNOWBOARDOWA K2 EMBASSY 159cm /2025 //01,EK07,,
DESKA SNOWBOARDOWA K2 EMBASSY 159cm /2025 //02,DI27,,
DESKA SNOWBOARDOWA K2 EMBASSY 159cm /2025 //03,GJ21,,
DESKA SNOWBOARDOWA K2 EMBASSY 159cm /2025 //04,FK42,,
DESKA SNOWBOARDOWA K2 EMBASSY 159cm /2025 //05,FK41,,
DESKA SNOWBOARDOWA K2 EMBASSY 159cm /2025 //06,BL24,,
DESKA SNOWBOARDOWA K2 EMBASSY 159cm /2025 //07,CF25,,
DESKA SNOWBOARDOWA K2 EMBASSY 159cm /2025 //08,CF26,,
DESKA SNOWBOARDOWA K2 EMBASSY 159cm /2025 //09,BL22,,
DESKA SNOWBOARDOWA K2 EMBASSY 162cm /2025 //01,EK10,,
DESKA SNOWBOARDOWA K2 EMBASSY 162cm /2025 //02,EK11,,
DESKA SNOWBOARDOWA K2 EMBASSY 162cm /2025 //03,DK85,,
DESKA SNOWBOARDOWA K2 EMBASSY 162cm /2025 //04,DK84,,
DESKA SNOWBOARDOWA K2 EMBASSY 162cm /2025 //05,GN64,,
DESKA SNOWBOARDOWA K2 EMBASSY 162cm /2025 //06,FR92,,
DESKA SNOWBOARDOWA K2 EMBASSY 162cm /2025 //07,BL26,,
DESKA SNOWBOARDOWA HEAD FLOCKA 163cm /2025 //01,BL51,,
DESKA SNOWBOARDOWA HEAD FLOCKA 163cm /2025 //02,FK65,,
DESKA SNOWBOARDOWA HEAD FLOCKA 163cm /2025 //03,FK64,,
DESKA SNOWBOARDOWA HEAD FLOCKA 163cm /2025 //04,BL49,,
DESKA SNOWBOARDOWA HEAD FLOCKA 163cm /2025 //05,BL53,,
DESKA SNOWBOARDOWA HEAD FLOCKA 163cm /2025 //06,BL50,,
DESKA SNOWBOARDOWA HEAD FLOCKA 163cm /2025 //07,FK63,,
DESKA SNOWBOARDOWA HEAD FLOCKA 163cm /2025 //08,EK32,,
DESKA SNOWBOARDOWA HEAD FLOCKA 168cm /2025 //01,FK67,,
,,,
BUTY HEAD 4D rozm23 /2025 //01,2363274,,
BUTY HEAD 4D rozm23 /2025 //02,2361493,,
"BUTY HEAD 4D rozm23,5 /2025 //01",2632896,,
"BUTY HEAD 4D rozm23,5 /2025 //02",2633003,,
BUTY HEAD 4D rozm24 /2025 //01,2361759,,
BUTY HEAD 4D rozm24 /2025 //02,2361660,,
BUTY HEAD 4D rozm24 /2025 //03,2629096,,
BUTY HEAD 4D rozm24 /2025 //04,2361706,,
BUTY HEAD 4D rozm24 /2025 //05,2361665,,
BUTY HEAD 4D rozm24 /2025 //06,2629107,,
"BUTY HEAD 4D rozm24,5 /2025 //01",2635808,,
"BUTY HEAD 4D rozm24,5 /2025 //02",2361376,,
"BUTY HEAD 4D rozm24,5 /2025 //03",2361386,,
"BUTY HEAD 4D rozm24,5 /2025 //04",2361369,,
"BUTY HEAD 4D rozm24,5 /2025 //05",2361267,,
"BUTY HEAD 4D rozm24,5 /2025 //06",2361398,,
BUTY SALOMON rozm 24.5 //01,300000028995,,
BUTY HEAD 4D rozm25 /2025 //01,2637571,,
BUTY HEAD 4D rozm25 /2025 //02,2629526,,
BUTY HEAD 4D rozm25 /2025 //03,2629571,,
BUTY HEAD 4D rozm25 /2025 //04,2631712,,
BUTY HEAD 4D rozm25 /2025 //05,2363595,,
BUTY HEAD 4D rozm25 /2025 //06,2363653,,
"BUTY HEAD 4D rozm25,5 /2025 //01",2637920,,
"BUTY HEAD 4D rozm25,5 /2025 //02",2635548,,
"BUTY HEAD 4D rozm25,5 /2025 //03",2635551,,
"BUTY HEAD 4D rozm25,5 /2025 //04",2635401,,
"BUTY HEAD 4D rozm25,5 /2025 //05",2634003,,
"BUTY HEAD 4D rozm25,5 /2025 //06",2637930,,
BUTY HEAD 4D rozm26 /2025 //01,2361117,,
BUTY HEAD 4D rozm26 /2025 //02,2629808,,
BUTY HEAD 4D rozm26 /2025 //03,2629863,,
BUTY HEAD 4D rozm 26 //04,2353893,,
BUTY HEAD 4D rozm 26 //05,1076128,,
BUTY HEAD 4D rozm 26 //06,A01572,,
BUTY HEAD rozm 26.5 //01,1243086,,
BUTY HEAD rozm 26.5 //02,1504220,,
BUTY HEAD rozm 26.5 //03,1504225,,
BUTY HEAD rozm 26.5 //04,2348119,,
BUTY HEAD rozm 26.5 //05,1243151,,
BUTY HEAD rozm 26.5 //06,1504208,,
BUTY HEAD rozm 26.5 //07,1243258,,
BUTY SALOMON rozm 26.5 //03,300000025942,,
BUTY SALOMON rozm 26.5 //04,300000028014,,
BUTY HEAD 4D rozm27 /2025 //01,2635036,,
BUTY HEAD 4D rozm27 /2025 //02,2635056,,
BUTY HEAD 4D rozm27 /2025 //03,2635004,,
BUTY HEAD 4D rozm27 /2025 //04,2636498,,
BUTY HEAD 4D rozm27 /2025 //05,1451848,,
BUTY HEAD 4D rozm27 /2025 //06,2635081,,
"BUTY HEAD 4D rozm27,5 /2025 //01",2350850,,
"BUTY HEAD 4D rozm27,5 /2025 //02",2350849,,
"BUTY HEAD 4D rozm27,5 /2025 //03",2350886,,
"BUTY HEAD 4D rozm27,5 /2025 //04",2347589,,
"BUTY HEAD 4D rozm27,5 /2025 //05",2352763,,
"BUTY HEAD 4D rozm27,5 /2025 //06",2350844,,
BUTY SALOMON rozm 27.5 //03,300000024145,,
BUTY SALOMON rozm 27.5 //04,300000024150,,
BUTY HEAD 4D rozm28 /2025 //01,2628940,,
BUTY HEAD 4D rozm28 /2025 //02,2632312,,
BUTY HEAD 4D rozm28 /2025 //03,2628946,,
BUTY HEAD 4D rozm28 /2025 //04,2632280,,
BUTY HEAD 4D rozm28 /2025 //05,2344357,,
BUTY HEAD 4D rozm28 /2025 //06,2632233,,
BUTY HEAD rozm 28.5 //001,1488284,,
BUTY HEAD rozm 28.5 //002,1076727,,
BUTY HEAD rozm 28.5 //003,1076842,,
BUTY HEAD rozm 28.5 //004,1498006,,
BUTY HEAD rozm 28.5 //005,1076884,,
BUTY HEAD rozm 28.5 //006,1076928,,
BUTY SALOMON rozm 28.5 //001,300000027171,,
BUTY SALOMON rozm 28.5 //002,300000027163,,
BUTY SALOMON rozm 28.5 //003,300000027109,,
BUTY SALOMON rozm 28.5 //004,300000027607,,
BUTY HEAD rozm 29 //01,1500811,,
BUTY HEAD rozm 29 //03,1489498,,
BUTY HEAD rozm 29 //04,1500769,,
BUTY HEAD rozm 29 //05,2352710,,
BUTY HEAD rozm 29 //06,1443746,,
BUTY HEAD rozm 29.5 //01,1271675,,
BUTY HEAD rozm 29.5 //03,1075093,,
BUTY HEAD rozm 29.5 //04,1455210,,
BUTY HEAD rozm 29.5 //05,1456172,,
BUTY HEAD rozm 29.5 //07,1075052,,
BUTY HEAD rozm 30 //02,809270,,
BUTY HEAD rozm 30 //03,1053906,,
BUTY HEAD rozm 30.5 //01,1228182,,
BUTY HEAD rozm 30.5 //02,1500165,,
BUTY HEAD rozm31.5 //01,1467801,,