NARTY KNEISSL MY STAR XC 144cm /2024 //01,A01364
NARTY KNEISSL MY STAR XC 144cm /2024 //02,A00922
NARTY ATOMIC CLOUD Q14 REVOSHOCK 144cm /2025 /01,A00928
NARTY ATOMIC CLOUD Q14 REVOSHOCK 144cm /2025 /02,A00963
NARTY AK PINK 146cm /2025 //01,A00924
NARTY AK PINK 146cm /2025 //02,A00925
NARTY ATOMIC CLOUD C14 REVOSHOCK 147cm /2025 //01,A00926
NARTY VOLKL FLAIR SC CARBON 148cm /2025 //01,A00927
NARTY HEAD WC REBELS e.XSR 149cm /2025 //01,EF05
NARTY SALOMON ADDICT PRO 149cm /2024 //01,A00929
NARTY FISCHER RC4 SC 150cm /2024 //01,B1247
NARTY FISCHER RC4 SC 150cm /2024 //02,B1250
NARTY FISCHER RC4 SC 150cm /2024 //03,B1256
NARTY SALOMON S/MAX N8 W 150cm /2025 //01,59600
NARTY SALOMON S/MAX N8 W 150cm /2025 //02,59613
NARTY SALOMON S/MAX N8 W 150cm /2025 //03,59624
NARTY ATOMIC CLOUD C9 150cm /2025 //01,59859
NARTY VOLKL RACETIGER SL 150cm /2024 //01,A00932
NARTY GRENZWERTIG LIMITLESS 151cm /2024 //01,A00931
NARTY KNEISSL MY STAR XC 152cm /2024 //01,A00930
NARTY KNEISSL MY STAR XC 152cm /2024 //02,A00938
NARTY KNEISSL MY STAR XC 152cm /2024 //03,A00937
NARTY KNEISSL MY STAR XC 152cm /2024 //04,A00936
NARTY ATOMIC CLOUD Q14 REVOSHOCK 152cm /2025 //01,A00935
NARTY ATOMIC REDSTER Q9 REVOSHOCK 152cm /2025 //01,A00942
NARTY ROSSIGNOL NOVA 10 TI 153cm /2024 //01,A00934
NARTY ROSSIGNOL NOVA 10 TI 153cm /2024 //02,A00933
NARTY VOLKL FLAIR SC CARBON 153cm /2025 //01,A00941
NARTY VOLKL FLAIR SC CARBON 153cm /2025 //02,A00940
NARTY VOLKL RACETIGER SRC 153cm /2025 ///01,FL16
NARTY ATOMIC CLOUD C12 REVOSHOCK 154cm /2025 //01,A00939
NARTY ATOMIC CLOUD C12 REVOSHOCK 154cm /2025 //02,A00867
NARTY ATOMIC CLOUD C14 REVOSHOCK 154cm /2025 //01,A00868
NARTY ATOMIC CLOUD C14 REVOSHOCK 154cm /2025 //02,A00945
NARTY BLIZZARD FIREBIRD TI 71 154cm /2024 //01,A00944
NARTY BLIZZARD FIREBIRD TI 71 154cm /2024 //02,A00943
NARTY SAKOMON S/MAX ENDUERANCE 155 cm 2025 //01,A01129
NARTY SAKOMON S/MAX ENDUERANCE 155 cm 2025 //02,A01130
NARTY SAKOMON S/MAX ENDUERANCE 155 cm 2025 //03,A01131
NARTY SAKOMON S/MAX ENDUERANCE 155 cm 2025 //04,A01132
NARTY SALOMON S/MAX N8 W 155cm /2025 //01,59628
NARTY SALOMON S/MAX N8 W 155cm /2024 //01,49213
NARTY SALOMON S/MAX N8 W 155cm /2024 //02,49215
NARTY SALOMON S/MAX N8 W 155cm /2024 //03,50058
NARTY ATOMIC REDSTER S9i REVOSHOCK 155cm /2025 //01,A00870
NARTY KASTLE RX 12 SL 155cm  /2025 //01,A00869
NARTY NORDICA DOBERMANN SLR 155cm /2025 //01,B2475
NARTY HEAD WC REBELS e.XSR 156cm /2025 //01,EO98
NARTY HEAD WC REBELS e.XSR 156cm /2025 //02,DK72
NARTY SALOMON ADDICT PRO 156cm /2024 //01,A00871
NARTY MOLITOR MASTER M2 156cm /2025 //01,B1066
magnum 156,A01135
NARTY ATOMIC REDSTER S7 156cm //01,A01134
NARTY HEAD SX BLACK EDITION 156cm //01,A01133
NARTY KASTLE MX 74 157cm  /2025 //01,A00872
NARTY VOLKL RACETIGER SRC 158cm /2025 //01,FL19
NARTY VOLKL FLAIR SC CARBON 158cm /2025 //01,A00873
NARTY ROSSIGNOL HERO ELITE MT CARBON 159cm /2025 //01,A00874
NARTY SAKOMON S/MAX ENDUERANCE 160 cm 2025 //01,GL87
NARTY SAKOMON S/MAX ENDUERANCE 160 cm 2025 //02,DJ36
NARTY SAKOMON S/MAX ENDUERANCE 160 cm 2025 //03,BP56
NARTY SAKOMON S/MAX ENDUERANCE 160 cm 2025 //04,FL81
NARTY SAKOMON S/MAX ENDUERANCE 160 cm 2025 //05,EL83
NARTY BLIZZARD FIREBIRD TI 160cm /2025 //01,FO08
NARTY BLIZZARD FIREBIRD TI 160cm /2025 //02,BQ35
NARTY BLIZZARD FIREBIRD TI 71 160cm /2024 //01,A01137
NARTY BLIZZARD FIREBIRD TI 71 160cm /2024 //02,GB19
NARTY BLIZZARD FIREBIRD TI 71 160cm /2024 //03,A01138
NARTY SALOMON S/MAX N8 W 160cm /2025 //01,A00875
NARTY NORDICA DOBERMANN MULTIGARA DC 160cm /2025 //01,B2465
NARTY ATOMIC REDSTER Q9 REVOSHOCK 160cm /2025 //01,A00876
NARTY ATOMIC CLOUD Q14 REVOSHOCK 160cm /2025 //01,A00877
NARTY VOLKL RACETIGER SL 160cm /2024,A00878
NARTY HEAD WC REBELS e-SL 160cm /2025 //01,59184
NARTY FISCHER RC4 POWER 160cm /2024 //01,A01139
NARTY FISCHER RC4 POWER 160cm /2024 //02,A01136
NARTY VOLKL RACETIGER SC 160cm //01,A01140
NARTY VOLKL RACETIGER SC 160cm //02,A01141
NARTY ATOMIC CLOUD C14 REVOSHOCK 161cm /2025 //01,A00879
NARTY ATOMIC CLOUD C14 REVOSHOCK 161cm /2025 //02,A00880
NARTY ATOMIC CLOUD C12 REVOSHOCK 161cm /2025 //01,A00881
NARTY ATOMIC CLOUD C12 REVOSHOCK 161cm /2025 //02,53399
NARTY MOLITOR RELEASE R2 162cm /2025 //01,B1046
NARTY MOLITOR RELEASE R2 162cm /2025 //02,B1039
NARTY NORDICA SPITFIRE CA 162cm /2025 //01,59788
NARTY HEAD WC REBELS e.XSR 163cm /2025 //01,A01205
NARTY HEAD WC REBELS e.XSR 163cm /2025 //02,BW45
NARTY HEAD WC REBELS e.XSR 163cm /2025 //03,DK63
NARTY HEAD WC REBELS e.XSR 163cm /2025 //04,FF54
NARTY HEAD WC REBELS e.XSR 163cm /2025 //05,EO90
NARTY VOLKL RACETIGER SRC 163cm /2025 //01,A00882
NARTY VOLKL RACETIGER SRC 163cm /2025 //02,A00883
NARTY K2 MINDBENDER RX 163cm /2025 //01,BM77
NARTY K2 MINDBENDER RX 163cm /2025 //02,DI93
NARTY MOLITOR MASTER M2 163cm /2025 //01,B2080
NARTY HEAD e-MAGNUM 163cm //01,A01208
NARTY SALOMON S/MAX 24 ENDURANCE 165cm /2025 //01,BM81
NARTY SALOMON S/MAX 24 ENDURANCE 165cm /2025 //02,FN57
NARTY SALOMON S/MAX 24 ENDURANCE 165cm /2025 //03,BP60
NARTY SALOMON S/MAX 24 ENDURANCE 165cm /2025 //04,DM67
NARTY SALOMON S/MAX 24 ENDURANCE 165cm /2025 //05,CG03
NARTY KASTLE RX 12 SL 165cm  /2025 //01,A00884
NARTY KASTLE RX 12 SL 165cm  /2025 //02,B1211
NARTY ATOMIC REDSTER S9i REVOSHOCK 165cm /2025,A00885
NARTY BLIZZARD FIREBIRD TI 166cm /2025 //01,BQ27
NARTY BLIZZARD FIREBIRD TI 166cm /2025 //02,FO04
NARTY BLIZZARD FIREBIRD TI 166cm /2025 //03,BQ32
NARTY BLIZZARD FIREBIRD TI 166cm /2025 //04,BQ28
NARTY ATOMIC REDSTER Q7.8 166cm /2025 //01,A00886
NARTY ROSSIGNOL HERO ELITE MT CARBON 167cm /2025 //01,A00887
NARTY KNEISSL RED STAR RC 168cm /2024 //01,B2179
NARTY KNEISSL RED STAR RC 168cm /2024 //02,B2213
NARTY VOLKL RACETIGER SRC 168cm /2025 //01,60953
NARTY VOLKL RACETIGER SRC 168cm /2025 //02,60934
NARTY NORDICA SPITFIRE CA 168cm /2025 //01,59779
NARTY NORDICA SPITFIRE CA 168cm /2025 //02,59776
NARTY ATOMIC CLOUD C12 REVOSHOCK 168cm /2025 //01,A00888
NARTY SAKOMON S/MAX ENDUERANCE 170 cm 2025 //01,DI133
NARTY SAKOMON S/MAX ENDUERANCE 170 cm 2025 //02,BM88
NARTY SAKOMON S/MAX ENDUERANCE 170 cm 2025 //03,FL92
NARTY SAKOMON S/MAX ENDUERANCE 170 cm 2025 //04,DI135
NARTY SAKOMON S/MAX ENDUERANCE 170 cm 2025 //05,FL91
NARTY SAKOMON S/MAX ENDUERANCE 170 cm 2025 //06,GK72
NARTY K2 MINDBENDER 85 170cm /2025 //01,FD84
NARTY K2 MINDBENDER 85 170cm /2025 //02,BJ38
NARTY K2 MINDBENDER 85 170cm /2025 //03,BJ37
NARTY HEAD WC REBELS e.XSR 170cm /2025 //01,A01210
NARTY HEAD WC REBELS e.XSR 170cm /2025 //02,BR90
NARTY HEAD WC REBELS e.XSR 170cm /2025 //03,FF14
NARTY HEAD SX BLACK EDITION 170cm //01,A01209
NARTY HEAD SHAPE e-V8 170cm /2025 //01,A00205
NARTY MOLITOR RELEASE R2 172cm /2025 //01,B1055
NARTY MOLITOR RELEASE R2 172cm /2025 //02,B1056
NARTY BLIZZARD FIREBIRD TI 172cm /2025 //01,BQ42
NARTY BLIZZARD FIREBIRD TI 172cm /2025 //02,BQ43
NARTY NORDICA SPITFIRE CA 174cm /2025 //01,69767
NARTY NORDICA SPITFIRE CA 174cm /2025 //02,57091
NARTY ROSSIGNOL HERO ELITE MT CARBON 175cm /2025 //01,A00889
NARTY ATOMIC REDSTER X9 REVOSHOCK 175cm /2025 //01,A00890
NARTY SALOMON ADDICT PRO 177cm /2024 //01,A00891
NARTY K2 MINDBENDER RX 177cm /2025 //01,DI90
NARTY K2 MINDBENDER RX 177cm /2025 //02,BM73
NARTY ATOMIC REDSTER G9 REVOSHOCK 177cm /2025 //01,B2103
NARTY BLIZZARD FIREBIRD TI 71 178cm /2024 //01,A01206
NARTY BLIZZARD FIREBIRD TI 71 178cm /2024 //02,A01207