Sprzêt;Kod;Stan
NARTY NORDICA BELLE 73 144 cm /2025 //01;A01428;1
NARTY NORDICA BELLE 73 144 cm /2025 //02;A01429;1
NARTY NORDICA BELLE 73 144 cm /2025 //03;A01430;1
NARTY NORDICA BELLE 73 144 cm /2025 //04;A01431;1
NARTY NORDICA BELLE 73 144 cm /2025 //05;A01432;1
NARTY NORDICA BELLE 73 144 cm /2025 //06;A01394;1
NARTY NORDICA BELLE 73 144 cm /2025 //07;A01391;1
NARTY NORDICA BELLE 73 144 cm /2025 //08;A01395;1
NARTY NORDICA BELLE 73 144 cm /2025 //09;A01396;1
NARTY NORDICA BELLE 73 144 cm /2025 //10;A01745;1
NARTY NORDICA BELLE 73 144 cm /2025 //11;A01746;1
NARTY NORDICA BELLE 73 144 cm /2025 //12;A01747;1
NARTY NORDICA BELLE 73 144 cm /2025 //13;A01573;1
NARTY NORDICA BELLE 73 144 cm /2025 //14;A01748;1
NARTY NORDICA BELLE 73 144 cm /2025 //15;A01574;1
NARTY NORDICA BELLE 73 144 cm /2025 //16;A01749;1
NARTY NORDICA BELLE 73 144 cm /2025 //17;A01575;1
NARTY NORDICA BELLE 73 144 cm /2025 //18;A01750;1
NARTY NORDICA BELLE 73 144 cm /2025 //19;A01576;1
NARTY HEAD SHAPE 3.0 149 cm /2025 /01;A00895;1
NARTY HEAD SHAPE 3.0 149 cm /2025 /02;A00894;1
NARTY HEAD SHAPE 3.0 149 cm /2025 /03;A00896;1
NARTY HEAD SHAPE 3.0 149 cm /2025 /04;GM86;1
NARTY HEAD SHAPE 3.0 149 cm /2025 /05;BW49;1
NARTY HEAD SHAPE 3.0 149 cm /2025 /06;FO89;1
NARTY HEAD SHAPE 3.0 149 cm /2025 /07;DM30;1
NARTY HEAD SHAPE 3.0 149 cm /2025 /08;FO96;1
NARTY HEAD SHAPE 3.0 149 cm /2025 /09;GM84;1
NARTY HEAD SHAPE 3.0 149 cm /2025 /10;FO92;1
NARTY HEAD SHAPE 3.0 149 cm /2025 /11;FO91;1
NARTY HEAD SHAPE 3.0 149 cm /2025 /12;FO83;1
NARTY HEAD SHAPE 3.0 149 cm /2025 /13;DK33;1
NARTY HEAD SHAPE 3.0 149 cm /2025 /14;BR33;1
NARTY HEAD SHAPE 3.0 149 cm /2025 /15;DM32;1
NARTY HEAD SHAPE 3.0 149 cm /2024 //01;BB27;1
NARTY HEAD SHAPE 3.0 149 cm /2024 //02;BB22;1
NARTY HEAD SHAPE 3.0 149 cm /2024 //03;BB33;1
NARTY HEAD SHAPE 3.0 149 cm /2024 //04;BB32;1
NARTY NORDICA BELLE 73 150 cm /2025 //01;A01735;1
NARTY NORDICA BELLE 73 150 cm /2025 //02;A01736;1
NARTY NORDICA BELLE 73 150 cm /2025 //03;A01737;1
NARTY NORDICA BELLE 73 150 cm /2025 //04;A01739;1
NARTY NORDICA BELLE 73 150 cm /2025 //05;A01738;1
NARTY NORDICA BELLE 73 150 cm /2025 //06;A01740;1
NARTY NORDICA BELLE 73 150 cm /2025 //07;A01741;1
NARTY NORDICA BELLE 73 150 cm /2025 //08;A01742;1
NARTY NORDICA BELLE 73 150 cm /2025 //09;A01743;1
NARTY NORDICA BELLE 73 150 cm /2025 //10;A01744;1
NARTY NORDICA SPITFIRE 73 R 150cm /2025 //01;FO27;1
NARTY NORDICA SPITFIRE 73 R 150cm /2025 //02;GM46;1
NARTY NORDICA ALLDRIVE W 74 150cm /2024 //01;50355730;1
NARTY NORDICA ALLDRIVE W 74 150cm /2024 //02;50395824;1
NARTY NORDICA ALLDRIVE W 74 150cm /2024 //03;50357459;1
NARTY NORDICA ALLDRIVE W 74 150cm /2024 //04;50398538;1
NARTY NORDICA ALLDRIVE W 74 150cm /2024 //05;50405663;1
NARTY NORDICA ALLDRIVE W 74 150cm /2024 //06;50404125;1
NARTY NORDICA ALLDRIVE W 74 150cm /2024 //07;50407331;1
NARTY NORDICA ALLDRIVE W 74 150cm /2024 //08;50395822;1
NARTY NORDICA ALLDRIVE W 74 150cm /2024 //09;50395359;1
NARTY NORDICA ALLDRIVE W 74 150cm /2024 //10;50402714;1
NARTY VOLKL PEREGRINE 7.2 151 cm /2025 //01;GJ08;1
NARTY VOLKL PEREGRINE 7.2 151 cm /2025 //02;EK51;1
NARTY VOLKL PEREGRINE 7.2 151 cm /2025 //03;BL87;1
NARTY HEAD SHAPE 3.0 156 cm /2025 /01;FO73;1
NARTY HEAD SHAPE 3.0 156 cm /2025 /02;DK04;1
NARTY HEAD SHAPE 3.0 156 cm /2025 /03;DK03;1
NARTY HEAD SHAPE 3.0 156 cm /2025 /04;BR02;1
NARTY HEAD SHAPE 3.0 156 cm /2025 /05;FO82;1
NARTY HEAD SHAPE 3.0 156 cm /2025 /06;A00897;1
NARTY HEAD SHAPE 3.0 156 cm /2025 /07;A00898;1
NARTY HEAD SHAPE 3.0 156 cm /2025 /08;A00899;1
NARTY HEAD SHAPE 3.0 156 cm /2025 /09;A00900;1
NARTY HEAD SHAPE 3.0 156 cm /2025 /10;A00901;1
NARTY HEAD SHAPE 3.0 156 cm /2025 /11;A00902;1
NARTY HEAD SHAPE 3.0 156 cm /2025 /12;A00903;1
NARTY HEAD SHAPE 3.0 156 cm /2025 /13;A00904;1
NARTY HEAD SHAPE 3.0 156 cm /2025 /14;A00905;1
NARTY HEAD SHAPE 3.0 156 cm /2025 /15;BR03;1
NARTY HEAD SHAPE 3.0 156 cm /2025 /16;A00906;1
NARTY HEAD SHAPE 3.0 156 cm /2025 /17;BR07;1
NARTY HEAD SHAPE 3.0 156 cm /2025 /18;DJ96;1
NARTY HEAD SHAPE 3.0 156 cm /2025 /19;BR13;1
NARTY HEAD SHAPE 3.0 156 cm /2025 /20;BQ98;1
NARTY HEAD SHAPE 3.0 156 cm /2025 /21;DK02;1
NARTY HEAD SHAPE 3.0 156 cm /2025 /22;DM38;1
NARTY HEAD SHAPE 3.0 156 cm /2025 /23;GM76;1
NARTY HEAD SHAPE 3.0 156 cm /2025 /24;BW60;1
NARTY HEAD SHAPE 3.0 156 cm /2025 /25;FO67;1
NARTY HEAD SHAPE 3.0 156 cm /2025 /26;FO77;1
NARTY HEAD SHAPE 3.0 156 cm /2025 /27;FO71;1
NARTY HEAD SHAPE 3.0 156 cm /2025 /28;BW75;1
NARTY HEAD SHAPE 3.0 156 cm /2025 /29;DM40;1
NARTY HEAD SHAPE 3.0 156 cm /2025 /30;FO72;1
NARTY HEAD SHAPE 3.0 156 cm /2025 /31;FO78;1
NARTY HEAD SHAPE 3.0 156 cm /2025 /32;FO74;1
NARTY HEAD SHAPE 3.0 156 cm /2025 /33;FO76;1
NARTY HEAD SHAPE 3.0 156 cm /2025 /34;FO69;1
NARTY HEAD SHAPE 3.0 156 cm /2025 /35;BR00;1
NARTY HEAD SHAPE 3.0 156 cm /2024 /01;A00907;1
NARTY HEAD SHAPE 3.0 156 cm /2024 /02;A00908;1
NARTY HEAD SHAPE 3.0 156 cm /2024 /03;BB50;1
NARTY HEAD SHAPE 3.0 156 cm /2024 /04;BB45;1
NARTY HEAD SHAPE 3.0 156 cm /2024 /05;A00909;1
NARTY NORDICA SPITFIRE 73 R 156cm /2025 //01;FN94;1
NARTY NORDICA SPITFIRE 73 R 156cm /2025 //02;BW21;1
NARTY ATOMIC MAVEN 84 R 153cm /2025 //01;FN71;1
NARTY BLIZZARD FIREBIRD TI 154cm //01;A01498;1
NARTY BLIZZARD FIREBIRD TI 154cm //02;A01499;1
NARTY BLIZZARD FIREBIRD TI 154cm //03;A01500;1
NARTY VOLKL DEACON S 154cm /2024 //01;A00606;1
NARTY VOLKL DEACON S 154cm /2024 //02;A00656;1
NARTY VOLKL DEACON S 154cm /2024 //03;A00658;1
NARTY FISCHER THE CURV XTR 155cm /2024 //01;A01489;1
NARTY FISCHER THE CURV XTR 155cm /2024 //02;A01490;1
NARTY FISCHER THE CURV XTR 155cm /2024 //03;A01491;1
NARTY VOLKL PEREGRINE 7.2 158 cm /2025 //01;BL62;1
NARTY VOLKL PEREGRINE 7.2 158 cm /2025 //02;EK57;1
NARTY VOLKL PEREGRINE 7.2 158 cm /2025 //03;BL67;1
NARTY VOLKL PEREGRINE 7.2 158 cm /2025 //04;FK36;1
NARTY VOLKL PEREGRINE 7.2 158 cm /2025 //05;FK20;1
NARTY VOLKL DEACON 7.2 158cm /2024 //01;M190517;1
NARTY VOLKL DEACON 7.2 158cm /2024 //02;M162395;1
NARTY VOLKL DEACON 7.2 158cm /2024 //03;BD01;1
NARTY VOLKL DEACON 7.2 158cm /2024 //04;GB81;1
NARTY SALOMON S/MAX 8 160cm /2023 //01;627816;1
NARTY SALOMON S/MAX 8 160cm /2023 //02;634341;1
NARTY SALOMON S/MAX 8 160cm /2023 //03;A00604;1
NARTY BLIZZARD FIREBIRD TI 160cm //01;A01501;1
NARTY BLIZZARD FIREBIRD TI 160cm //02;A01502;1
NARTY BLIZZARD FIREBIRD TI 160cm //03;A01503;1
NARTY BLIZZARD FIREBIRD TI 160cm //04;A01504;1
NARTY FISCHER THE CURV XTR 160cm /2024 //01;A01492;1
NARTY FISCHER THE CURV XTR 160cm /2024 //02;A01493;1
NARTY VOLKL DEACON S 161cm /2025 //01;A00623;1
NARTY VOLKL DEACON S 161cm /2025 //02;A00676;1
NARTY VOLKL DEACON S 161cm /2025 //03;A00680;1
NARTY ATOMIC MAVEN 84 R 162cm /2025 //01;GM00;1
NARTY ATOMIC MAVEN 84 R 162cm /2025 //02;GM01;1
NARTY ATOMIC MAVERICK 84 R 162cm /2025 //01;EN27;1
NARTY NORDICA SPITFIRE 73 R 162cm /2024 //01;FE21;1
NARTY NORDICA SPITFIRE 73 R 162cm /2024 //02;FF03;1
NARTY HEAD SHAPE 3.0 163 cm /2025 /01;A00910;1
NARTY HEAD SHAPE 3.0 163 cm /2025 /02;A00911;1
NARTY HEAD SHAPE 3.0 163 cm /2025 /03;A00912;1
NARTY HEAD SHAPE 3.0 163 cm /2025 /04;A00913;1
NARTY HEAD SHAPE 3.0 163 cm /2025 /05;A00914;1
NARTY HEAD SHAPE 3.0 163 cm /2025 /06;A00915;1
NARTY HEAD SHAPE 3.0 163 cm /2025 /07;A00916;1
NARTY HEAD SHAPE 3.0 163 cm /2025 /08;A00917;1
NARTY HEAD SHAPE 3.0 163 cm /2025 /09;A00918;1
NARTY HEAD SHAPE 3.0 163 cm /2025 /10;A01566;1
NARTY HEAD SHAPE 3.0 163 cm /2025 /11;A01567;1
NARTY HEAD SHAPE 3.0 163 cm /2025 /12;FO45;1
NARTY HEAD SHAPE 3.0 163 cm /2025 /13;FO47;1
NARTY HEAD SHAPE 3.0 163 cm /2025 /14;BW76;1
NARTY HEAD SHAPE 3.0 163 cm /2025 /15;DM51;1
NARTY HEAD SHAPE 3.0 163 cm /2025 /16;BW77;1
NARTY HEAD SHAPE 3.0 163 cm /2025 /17;DM47;1
NARTY HEAD SHAPE 3.0 163 cm /2025 /18;BW64;1
NARTY HEAD SHAPE 3.0 163 cm /2025 /19;BW61;1
NARTY HEAD SHAPE 3.0 163 cm /2025 /20;GM55;1
NARTY HEAD SHAPE 3.0 163 cm /2025 /21;BQ94;1
NARTY HEAD SHAPE 3.0 163 cm /2025 /22;DK13;1
NARTY HEAD SHAPE 3.0 163 cm /2025 /23;FO52;1
NARTY HEAD SHAPE 3.0 163 cm /2025 /24;BQ90;1
NARTY HEAD SHAPE 3.0 163 cm /2025 /25;BQ79;1
NARTY HEAD SHAPE 3.0 163 cm /2025 /26;FO43;1
NARTY HEAD SHAPE 3.0 163 cm /2025 /27;BQ87;1
NARTY HEAD SHAPE 3.0 163 cm /2025 /28;FR99;1
NARTY HEAD SHAPE 3.0 163 cm /2025 /29;FO41;1
NARTY HEAD SHAPE 3.0 163 cm /2025 /30;BQ92;1
NARTY HEAD SHAPE 3.0 163 cm /2025 /31;BQ93;1
NARTY HEAD SHAPE 3.0 163 cm /2025 /32;FO44;1
NARTY HEAD SHAPE 3.0 163 cm /2025 /33;BW65;1
NARTY HEAD SHAPE 3.0 163 cm /2025 /34;DM52;1
NARTY HEAD SHAPE 3.0 163 cm /2025 /35;BQ96;1
NARTY HEAD SHAPE 3.0 163 cm /2025 /36;CG55;1
NARTY HEAD SHAPE 3.0 163 cm /2025 /37;DM55;1
NARTY HEAD SHAPE 3.0 163 cm /2025 /38;BW67;1
NARTY HEAD SHAPE 3.0 163 cm /2024 /01;A01627;1
NARTY HEAD SHAPE 3.0 163 cm /2024 /02;A01628;1
NARTY HEAD SHAPE 3.0 163 cm /2024 /03;A01629;1
NARTY HEAD SHAPE 3.0 163 cm /2024 /04;A01630;1
NARTY HEAD SHAPE 3.0 163 cm /2024 /05;A01522;1
NARTY HEAD SHAPE 3.0 163 cm /2024 /06;A01487;1
NARTY HEAD SHAPE 3.0 163 cm /2024 /07;A01488;1
NARTY VOLKL PEREGRINE 7.2 165 cm /2025 //01;BL11;1
NARTY VOLKL PEREGRINE 7.2 165 cm /2025 //02;BL12;1
NARTY VOLKL PEREGRINE 7.2 165 cm /2025 //03;BL04;1
NARTY VOLKL PEREGRINE 7.2 165 cm /2025 //04;BW19;1
NARTY VOLKL PEREGRINE 7.2 165 cm /2025 //05;BL08;1
NARTY VOLKL PEREGRINE 7.2 165 cm /2025 //06;FK09;1
NARTY VOLKL PEREGRINE 7.2 165 cm /2025 //07;EK38;1
NARTY VOLKL PEREGRINE 7.2 165 cm /2025 //08;BW11;1
NARTY VOLKL PEREGRINE 7.2 165 cm /2025 //09;BW20;1
NARTY VOLKL DEACON 7.2 165cm /2024 //001;BC77;1
NARTY VOLKL DEACON 7.2 165cm /2024 //002;GB62;1
NARTY FISCHER THE CURV XTR 165cm /2024 //01;A01494;1
NARTY FISCHER THE CURV XTR 165cm /2024 //02;A01495;1
NARTY BLIZZARD FIREBIRD TI 166cm //01;A01562;1
NARTY BLIZZARD FIREBIRD TI 166cm //02;A01563;1
NARTY BLIZZARD FIREBIRD TI 166cm //03;A01564;1
NARTY BLIZZARD FIREBIRD TI 166cm //04;A01565;1
NARTY NORDICA SPITFIRE 73 R 168cm /2025 //01;FN76;1
NARTY NORDICA SPITFIRE 73 R 168cm /2025 //02;BP89;1
NARTY NORDICA SPITFIRE 73 R 168cm /2025 //03;BW10;1
NARTY NORDICA SPITFIRE 73 R 168cm /2025 //04;EN42;1
NARTY NORDICA SPITFIRE 73 R 168cm /2025 //05;DJ57;1
NARTY NORDICA SPITFIRE 73 R 168cm /2025 //06;BP81;1
NARTY NORDICA SPITFIRE 73 R 168cm /2025 //07;BW13;1
NARTY NORDICA SPITFIRE 73 R 168cm /2024 //01;;1
NARTY NORDICA SPITFIRE 73 R 168cm /2024 //02;EE19;1
NARTY NORDICA SPITFIRE 73 R 168cm /2024 //03;;1
NARTY NORDICA SPITFIRE 73 R 168cm /2024 //04;GD51;1
NARTY HEAD SHAPE 3.0 170 cm /2025 /01;BQ67;1
NARTY HEAD SHAPE 3.0 170 cm /2025 /02;DM46;1
NARTY HEAD SHAPE 3.0 170 cm /2025 /03;BW69;1
NARTY HEAD SHAPE 3.0 170 cm /2025 /04;BW79;1
NARTY HEAD SHAPE 3.0 170 cm /2025 /05;FO61;1
NARTY HEAD SHAPE 3.0 170 cm /2025 /06;BQ68;1
NARTY HEAD SHAPE 3.0 170 cm /2025 /07;BQ76;1
NARTY HEAD SHAPE 3.0 170 cm /2025 /08;FO56;1
NARTY HEAD SHAPE 3.0 170 cm /2025 /09;GM59;1
NARTY HEAD SHAPE 3.0 170 cm /2025 /10;FO54;1
NARTY HEAD SHAPE 3.0 170 cm /2025 /11;W68;1
NARTY HEAD SHAPE 3.0 170 cm /2025 /12;DJ90;1
NARTY HEAD SHAPE 3.0 170 cm /2025 /13;A01568;1
NARTY HEAD SHAPE 3.0 170 cm /2025 /14;FO65;1
NARTY HEAD SHAPE 3.0 170 cm /2025 /15;DJ83;1
NARTY HEAD SHAPE 3.0 170cm /2024 //01;A01496;1
NARTY HEAD SHAPE 3.0 170cm /2024 //02;A01497;1
NARTY SALOMON S/MAX 8 170cm /2024 //01;A00586;1
NARTY SALOMON S/MAX 8 170cm /2024 //02;627858;1
NARTY SALOMON S/MAX 8 170cm /2024 //03;A01569;1
NARTY SALOMON S/MAX 8 170cm /2024 //04;627860;1
NARTY SALOMON S/MAX 8 170cm /2024 //05;627861;1
NARTY SALOMON S/MAX 8 170cm /2024 //06;A01571;1
NARTY SALOMON S/MAX 8 170cm /2024 //07;GW04;1
NARTY SALOMON S/MAX 8 170cm /2024 //08;634423;1
NARTY SALOMON S/MAX 8 170cm /2024 //09;A01570;1
NARTY SALOMON S/MAX 8 170cm /2024 //10;GC86;1
NARTY SALOMON S/MAX 8 170cm /2024 //11;A00556;1
NARTY SALOMON S/MAX 8 170cm /2024 //12;FD49;1
NARTY ATOMIC MAVERICK 84 R 171cm /2025 //01;BP66;1
NARTY ATOMIC MAVERICK 84 R 171cm /2025 //02;BP67;1
NARTY ATOMIC MAVERICK 84 R 171cm /2025 //03;CG26;1
NARTY ATOMIC MAVERICK 84 R 171cm /2025 //04;GL93;1
NARTY VOLKL DEACON 7.2 172cm /2024 //01;M136386;1
NARTY BLIZZARD FIREBIRD TI 172cm //01;A01561;1
NARTY BLIZZARD FIREBIRD TI 172cm //02;A01560;1
NARTY BLIZZARD FIREBIRD TI 172cm //03;A01559;1
NARTY KNEISSL MY STAR XC 144cm /2024 //01;A01364;1
NARTY KNEISSL MY STAR XC 144cm /2024 //02;A00922;1
NARTY ATOMIC CLOUD Q14 REVOSHOCK 144cm /2025 /01;A00928;1
NARTY ATOMIC CLOUD Q14 REVOSHOCK 144cm /2025 /02;A00963;1
NARTY AK PINK 146cm /2025 //01;A00924;1
NARTY AK PINK 146cm /2025 //02;A00925;1
NARTY ATOMIC CLOUD C14 REVOSHOCK 147cm /2025 //01;A00926;1
NARTY VOLKL FLAIR SC CARBON 148cm /2025 //01;A00927;1
NARTY HEAD WC REBELS e.XSR 149cm /2025 //01;EF05;1
NARTY SALOMON ADDICT PRO 149cm /2024 //01;A00929;1
NARTY FISCHER RC4 SC 150cm /2024 //01;B1247;1
NARTY FISCHER RC4 SC 150cm /2024 //02;B1250;1
NARTY FISCHER RC4 SC 150cm /2024 //03;B1256;1
NARTY SALOMON S/MAX N8 W 150cm /2025 //01;059600;1
NARTY SALOMON S/MAX N8 W 150cm /2025 //02;059613;1
NARTY SALOMON S/MAX N8 W 150cm /2025 //03;059624;1
NARTY ATOMIC CLOUD C9 150cm /2025 //01;059859;1
NARTY VOLKL RACETIGER SL 150cm /2024 //01;A00932;1
NARTY GRENZWERTIG LIMITLESS 151cm /2024 //01;A00931;1
NARTY KNEISSL MY STAR XC 152cm /2024 //01;A00930;1
NARTY KNEISSL MY STAR XC 152cm /2024 //02;A00938;1
NARTY KNEISSL MY STAR XC 152cm /2024 //03;A00937;1
NARTY KNEISSL MY STAR XC 152cm /2024 //04;A00936;1
NARTY ATOMIC CLOUD Q14 REVOSHOCK 152cm /2025 //01;A00935;1
NARTY ATOMIC REDSTER Q9 REVOSHOCK 152cm /2025 //01;A00942;1
NARTY ROSSIGNOL NOVA 10 TI 153cm /2024 //01;A00934;1
NARTY ROSSIGNOL NOVA 10 TI 153cm /2024 //02;A00933;1
NARTY VOLKL FLAIR SC CARBON 153cm /2025 //01;A00941;1
NARTY VOLKL FLAIR SC CARBON 153cm /2025 //02;A00940;1
NARTY VOLKL RACETIGER SRC 153cm /2025 ///01;FL16;1
NARTY ATOMIC CLOUD C12 REVOSHOCK 154cm /2025 //01;A00939;1
NARTY ATOMIC CLOUD C12 REVOSHOCK 154cm /2025 //02;A00867;1
NARTY ATOMIC CLOUD C14 REVOSHOCK 154cm /2025 //01;A00868;1
NARTY ATOMIC CLOUD C14 REVOSHOCK 154cm /2025 //02;A00945;1
NARTY BLIZZARD FIREBIRD TI 71 154cm /2024 //01;A00944;1
NARTY BLIZZARD FIREBIRD TI 71 154cm /2024 //02;A00943;1
NARTY SAKOMON S/MAX ENDUERANCE 155 cm 2025 //01;A01129;1
NARTY SAKOMON S/MAX ENDUERANCE 155 cm 2025 //02;A01130;1
NARTY SAKOMON S/MAX ENDUERANCE 155 cm 2025 //03;A01131;1
NARTY SAKOMON S/MAX ENDUERANCE 155 cm 2025 //04;A01132;1
NARTY SALOMON S/MAX N8 W 155cm /2025 //01;059628;1
NARTY SALOMON S/MAX N8 W 155cm /2024 //01;049213;1
NARTY SALOMON S/MAX N8 W 155cm /2024 //02;049215;1
NARTY SALOMON S/MAX N8 W 155cm /2024 //03;050058;1
NARTY ATOMIC REDSTER S9i REVOSHOCK 155cm /2025 //01;A00870;1
NARTY KASTLE RX 12 SL 155cm  /2025 //01;A00869;1
NARTY NORDICA DOBERMANN SLR 155cm /2025 //01;B2475;1
NARTY HEAD WC REBELS e.XSR 156cm /2025 //01;EO98;1
NARTY HEAD WC REBELS e.XSR 156cm /2025 //02;DK72;1
NARTY SALOMON ADDICT PRO 156cm /2024 //01;A00871;1
NARTY MOLITOR MASTER M2 156cm /2025 //01;B1066;1
magnum 156;A01135;1
NARTY ATOMIC REDSTER S7 156cm //01;A01134;1
NARTY HEAD SX BLACK EDITION 156cm //01;A01133;1
NARTY KASTLE MX 74 157cm  /2025 //01;A00872;1
NARTY VOLKL RACETIGER SRC 158cm /2025 //01;FL19;1
NARTY VOLKL FLAIR SC CARBON 158cm /2025 //01;A00873;1
NARTY ROSSIGNOL HERO ELITE MT CARBON 159cm /2025 //01;A00874;1
NARTY SAKOMON S/MAX ENDUERANCE 160 cm 2025 //01;GL87;1
NARTY SAKOMON S/MAX ENDUERANCE 160 cm 2025 //02;DJ36;1
NARTY SAKOMON S/MAX ENDUERANCE 160 cm 2025 //03;BP56;1
NARTY SAKOMON S/MAX ENDUERANCE 160 cm 2025 //04;FL81;1
NARTY SAKOMON S/MAX ENDUERANCE 160 cm 2025 //05;EL83;1
NARTY BLIZZARD FIREBIRD TI 160cm /2025 //01;FO08;1
NARTY BLIZZARD FIREBIRD TI 160cm /2025 //02;BQ35;1
NARTY BLIZZARD FIREBIRD TI 71 160cm /2024 //01;A01137;1
NARTY BLIZZARD FIREBIRD TI 71 160cm /2024 //02;GB19;1
NARTY BLIZZARD FIREBIRD TI 71 160cm /2024 //03;A01138;1
NARTY SALOMON S/MAX N8 W 160cm /2025 //01;A00875;1
NARTY NORDICA DOBERMANN MULTIGARA DC 160cm /2025 //01;B2465;1
NARTY ATOMIC REDSTER Q9 REVOSHOCK 160cm /2025 //01;A00876;1
NARTY ATOMIC CLOUD Q14 REVOSHOCK 160cm /2025 //01;A00877;1
NARTY VOLKL RACETIGER SL 160cm /2024;A00878;1
NARTY HEAD WC REBELS e-SL 160cm /2025 //01;059184;1
NARTY FISCHER RC4 POWER 160cm /2024 //01;A01139;1
NARTY FISCHER RC4 POWER 160cm /2024 //02;A01136;1
NARTY VOLKL RACETIGER SC 160cm //01;A01140;1
NARTY VOLKL RACETIGER SC 160cm //02;A01141;1
NARTY ATOMIC CLOUD C14 REVOSHOCK 161cm /2025 //01;A00879;1
NARTY ATOMIC CLOUD C14 REVOSHOCK 161cm /2025 //02;A00880;1
NARTY ATOMIC CLOUD C12 REVOSHOCK 161cm /2025 //01;A00881;1
NARTY ATOMIC CLOUD C12 REVOSHOCK 161cm /2025 //02;053399;1
NARTY MOLITOR RELEASE R2 162cm /2025 //01;B1046;1
NARTY MOLITOR RELEASE R2 162cm /2025 //02;B1039;1
NARTY NORDICA SPITFIRE CA 162cm /2025 //01;059788;1
NARTY HEAD WC REBELS e.XSR 163cm /2025 //01;A01205;1
NARTY HEAD WC REBELS e.XSR 163cm /2025 //02;BW45;1
NARTY HEAD WC REBELS e.XSR 163cm /2025 //03;DK63;1
NARTY HEAD WC REBELS e.XSR 163cm /2025 //04;FF54;1
NARTY HEAD WC REBELS e.XSR 163cm /2025 //05;EO90;1
NARTY VOLKL RACETIGER SRC 163cm /2025 //01;A00882;1
NARTY VOLKL RACETIGER SRC 163cm /2025 //02;A00883;1
NARTY K2 MINDBENDER RX 163cm /2025 //01;BM77;1
NARTY K2 MINDBENDER RX 163cm /2025 //02;DI93;1
NARTY MOLITOR MASTER M2 163cm /2025 //01;B2080;1
NARTY HEAD e-MAGNUM 163cm //01;A01208;1
NARTY SALOMON S/MAX 24 ENDURANCE 165cm /2025 //01;BM81;1
NARTY SALOMON S/MAX 24 ENDURANCE 165cm /2025 //02;FN57;1
NARTY SALOMON S/MAX 24 ENDURANCE 165cm /2025 //03;BP60;1
NARTY SALOMON S/MAX 24 ENDURANCE 165cm /2025 //04;DM67;1
NARTY SALOMON S/MAX 24 ENDURANCE 165cm /2025 //05;CG03;1
NARTY KASTLE RX 12 SL 165cm  /2025 //01;A00884;1
NARTY KASTLE RX 12 SL 165cm  /2025 //02;B1211;1
NARTY ATOMIC REDSTER S9i REVOSHOCK 165cm /2025;A00885;1
NARTY BLIZZARD FIREBIRD TI 166cm /2025 //01;BQ27;1
NARTY BLIZZARD FIREBIRD TI 166cm /2025 //02;FO04;1
NARTY BLIZZARD FIREBIRD TI 166cm /2025 //03;BQ32;1
NARTY BLIZZARD FIREBIRD TI 166cm /2025 //04;BQ28;1
NARTY ATOMIC REDSTER Q7.8 166cm /2025 //01;A00886;1
NARTY ROSSIGNOL HERO ELITE MT CARBON 167cm /2025 //01;A00887;1
NARTY KNEISSL RED STAR RC 168cm /2024 //01;B2179;1
NARTY KNEISSL RED STAR RC 168cm /2024 //02;B2213;1
NARTY VOLKL RACETIGER SRC 168cm /2025 //01;060953;1
NARTY VOLKL RACETIGER SRC 168cm /2025 //02;060934;1
NARTY NORDICA SPITFIRE CA 168cm /2025 //01;059779;1
NARTY NORDICA SPITFIRE CA 168cm /2025 //02;059776;1
NARTY ATOMIC CLOUD C12 REVOSHOCK 168cm /2025 //01;A00888;1
NARTY SAKOMON S/MAX ENDUERANCE 170 cm 2025 //01;DI133;1
NARTY SAKOMON S/MAX ENDUERANCE 170 cm 2025 //02;BM88;1
NARTY SAKOMON S/MAX ENDUERANCE 170 cm 2025 //03;FL92;1
NARTY SAKOMON S/MAX ENDUERANCE 170 cm 2025 //04;DI135;1
NARTY SAKOMON S/MAX ENDUERANCE 170 cm 2025 //05;FL91;1
NARTY SAKOMON S/MAX ENDUERANCE 170 cm 2025 //06;GK72;1
NARTY K2 MINDBENDER 85 170cm /2025 //01;FD84;1
NARTY K2 MINDBENDER 85 170cm /2025 //02;BJ38;1
NARTY K2 MINDBENDER 85 170cm /2025 //03;BJ37;1
NARTY HEAD WC REBELS e.XSR 170cm /2025 //01;A01210;1
NARTY HEAD WC REBELS e.XSR 170cm /2025 //02;BR90;1
NARTY HEAD WC REBELS e.XSR 170cm /2025 //03;FF14;1
NARTY HEAD SX BLACK EDITION 170cm //01;A01209;1
NARTY HEAD SHAPE e-V8 170cm /2025 //01;A00205;1
NARTY MOLITOR RELEASE R2 172cm /2025 //01;B1055;1
NARTY MOLITOR RELEASE R2 172cm /2025 //02;B1056;1
NARTY BLIZZARD FIREBIRD TI 172cm /2025 //01;BQ42;1
NARTY BLIZZARD FIREBIRD TI 172cm /2025 //02;BQ43;1
NARTY NORDICA SPITFIRE CA 174cm /2025 //01;069767;1
NARTY NORDICA SPITFIRE CA 174cm /2025 //02;057091;1
NARTY ROSSIGNOL HERO ELITE MT CARBON 175cm /2025 //01;A00889;1
NARTY ATOMIC REDSTER X9 REVOSHOCK 175cm /2025 //01;A00890;1
NARTY SALOMON ADDICT PRO 177cm /2024 //01;A00891;1
NARTY K2 MINDBENDER RX 177cm /2025 //01;DI90;1
NARTY K2 MINDBENDER RX 177cm /2025 //02;BM73;1
NARTY ATOMIC REDSTER G9 REVOSHOCK 177cm /2025 //01;B2103;1
NARTY BLIZZARD FIREBIRD TI 71 178cm /2024 //01;A01206;1
NARTY BLIZZARD FIREBIRD TI 71 178cm /2024 //02;A01207;1
NARTY ATOMIC MAVERICK JR 70cm /2025 //01;A01001;1
NARTY ATOMIC MAVERICK JR 70cm /2025 //02;A01002;1
NARTY ATOMIC MAVERICK JR 70cm /2025 //03;A01003;1
NARTY ATOMIC MAVERICK JR 70cm /2025 //04;A01004;1
NARTY ATOMIC MAVERICK JR 70cm /2025 //05;A01005;1
NARTY ATOMIC MAVERICK JR 70cm /2025 //06;A01006;1
NARTY ATOMIC MAVERICK JR 80cm /2025 //01;A01007;1
NARTY ATOMIC MAVERICK JR 80cm /2025 //02;A01008;1
NARTY ATOMIC MAVERICK JR 80cm /2025 //03;A01009;1
NARTY ATOMIC MAVERICK JR 80cm /2025 //04;A01010;1
NARTY ATOMIC MAVERICK JR 80cm /2025 //05;A01011;1
NARTY ATOMIC MAVERICK JR 80cm /2025 //06;A01012;1
NARTY ATOMIC MAVERICK JR 80cm /2025 //07;A01013;1
NARTY ATOMIC MAVERICK JR 80cm /2025 //08;A01014;1
NARTY ATOMIC MAVERICK JR 80cm /2025 //09;A01015;1
NARTY ATOMIC MAVERICK JR 80cm /2025 //10;A01016;1
NARTY ATOMIC MAVERICK JR 80cm /2025 //11;A01017;1
NARTY ATOMIC MAVERICK JR 80cm /2025 //12;A01018;1
NARTY ATOMIC MAVERICK JR 90cm /2025 //01;A01019;1
NARTY ATOMIC MAVERICK JR 90cm /2025 //02;A01020;1
NARTY ATOMIC MAVERICK JR 90cm /2025 //03;A01021;1
NARTY ATOMIC MAVERICK JR 90cm /2025 //04;A01022;1
NARTY ATOMIC MAVERICK JR 90cm /2025 //05;A01023;1
NARTY ATOMIC MAVERICK JR 90cm /2025 //06;A01024;1
NARTY ATOMIC MAVERICK JR 90cm /2025 //07;A01025;1
NARTY ATOMIC MAVERICK JR 90cm /2025 //08;A01026;1
NARTY ATOMIC MAVERICK JR 90cm /2025 //09;A01027;1
NARTY ATOMIC MAVERICK JR 90cm /2025 //10;A01028;1
NARTY ATOMIC MAVERICK JR 90cm /2025 //11;A01029;1
NARTY ATOMIC MAVERICK JR 90cm /2025 //12;A01030;1
NARTY ATOMIC MAVERICK JR 90cm /2025 //13;A01031;1
NARTY ATOMIC MAVERICK JR 90cm /2025 //14;A01032;1
NARTY ATOMIC MAVERICK JR 90cm /2025 //15;A01033;1
NARTY HEAD SUPERSHAPE JR 97cm //01;A01052;1
NARTY HEAD SUPERSHAPE JR 97cm //02;A01053;1
NARTY HEAD SUPERSHAPE JR 97cm //03;A01054;1
NARTY ATOMIC MAVERICK JR 100cm /2025 //01;A01055;1
NARTY ATOMIC MAVERICK JR 100cm /2025 //02;A01056;1
NARTY ATOMIC MAVERICK JR 100cm /2025 //03;A01057;1
NARTY ATOMIC MAVERICK JR 100cm /2025 //04;A01058;1
NARTY ATOMIC MAVERICK JR 100cm /2025 //05;A01059;1
NARTY ATOMIC MAVERICK JR 100cm /2025 //06;A01060;1
NARTY ATOMIC MAVERICK JR 100cm /2025 //07;A01061;1
NARTY ATOMIC MAVERICK JR 100cm /2025 //08;A01062;1
NARTY ATOMIC MAVERICK JR 100cm /2025 //09;A01063;1
NARTY ATOMIC MAVERICK JR 100cm /2025 //10;A01064;1
NARTY ATOMIC MAVERICK JR 100cm /2025 //11;A01065;1
NARTY ATOMIC MAVERICK JR 100cm /2025 //12;A01066;1
NARTY ATOMIC MAVERICK JR 100cm /2025 //13;A01067;1
NARTY ATOMIC MAVERICK JR 100cm /2025 //14;A01068;1
NARTY ATOMIC MAVERICK JR 100cm /2025 //15;A01069;1
NARTY ATOMIC MAVERICK JR 100cm /2025 //16;A01070;1
NARTY ATOMIC MAVERICK JR 100cm /2025 //17;A01071;1
NARTY ATOMIC MAVERICK JR 100cm /2025 //18;A01072;1
NARTY ATOMIC MAVERICK JR 100cm /2025 //19;A01073;1
NARTY ATOMIC MAVERICK JR 100cm /2025 //20;A01074;1
NARTY ATOMIC MAVERICK JR 100cm /2025 //21;A01075;1
NARTY ATOMIC MAVERICK JR 100cm /2025 //22;A01076;1
NARTY ATOMIC MAVERICK JR 100cm /2025 //23;A01077;1
NARTY ATOMIC MAVERICK JR 100cm /2025 //24;A01078;1
NARTY ATOMIC MAVERICK JR 100cm /2025 //25;A01079;1
NARTY VOLKL RACETIGER JR 100cm /2025 //01;A01047;1
NARTY VOLKL RACETIGER JR 100cm /2025 //02;A01048;1
NARTY VOLKL RACETIGER JR 100cm /2025 //03;A01049;1
NARTY VOLKL RACETIGER JR 100cm /2025 //04;A01050;1
NARTY VOLKL RACETIGER JR 100cm /2025 //05;A01051;1
NARTY ATOMIC MAVERICK JR 100cm /2024 //01;A01034;1
NARTY ATOMIC MAVERICK JR 100cm /2024 //02;A01035;1
NARTY ATOMIC MAVERICK JR 100cm /2024 //03;A01036;1
NARTY ATOMIC MAVERICK JR 100cm /2024 //04;A01037;1
NARTY ATOMIC MAVERICK JR 100cm /2024 //05;A01038;1
NARTY ATOMIC MAVERICK JR 100cm /2024 //06;A01039;1
NARTY ATOMIC MAVERICK JR 100cm /2024 //07;A01040;1
NARTY ATOMIC MAVERICK JR 100cm /2024 //08;A01041;1
NARTY VOLKL RACETIGER JR 100cm /2024 //01;A01042;1
NARTY VOLKL RACETIGER JR 100cm /2024 //02;A01043;1
NARTY VOLKL RACETIGER JR 100cm /2024 //03;A01044;1
NARTY VOLKL RACETIGER JR 100cm /2024 //04;A01045;1
NARTY VOLKL RACETIGER JR 100cm /2024 //05;A01046;1
NARTY ATOMIC MAVERICK JR 110cm /2024 //01;A01110;1
NARTY ATOMIC MAVERICK JR 110cm /2024 //02;A01111;1
NARTY ATOMIC MAVERICK JR 110cm /2024 //03;A01112;1
NARTY ATOMIC MAVERICK JR 110cm /2024 //04;A01113;1
NARTY ATOMIC MAVERICK JR 110cm /2024 //05;A01114;1
NARTY ATOMIC MAVERICK JR 110cm /2024 //06;A01115;1
NARTY ATOMIC MAVERICK JR 110cm /2024 //07;A01116;1
NARTY ATOMIC MAVERICK JR 110cm /2024 //08;A01117;1
NARTY ATOMIC MAVERICK JR 110cm /2024 //09;A01118;1
NARTY ATOMIC MAVERICK JR 110cm /2024 //10;A01119;1
NARTY ATOMIC MAVERICK JR 110cm /2024 //11;A01120;1
NARTY ATOMIC MAVERICK JR 110cm /2024 //12;A01121;1
NARTY ATOMIC MAVERICK JR 110cm /2024 //13;A01122;1
NARTY ATOMIC MAVERICK JR 110cm /2024 //14;A01123;1
NARTY ATOMIC MAVERICK JR 110cm /2024 //15;A01124;1
NARTY ATOMIC MAVERICK JR 110cm /2024 //16;A01125;1
NARTY ATOMIC MAVERICK JR 110cm /2024 //17;A01126;1
NARTY ATOMIC MAVERICK JR 110cm /2024 //18;A01127;1
NARTY ATOMIC MAVERICK JR 110cm /2024 //19;A01128;1
NARTY ATOMIC MAVERICK JR 110cm /2025 //01;A01080;1
NARTY ATOMIC MAVERICK JR 110cm /2025 //02;A01081;1
NARTY ATOMIC MAVERICK JR 110cm /2025 //03;A01082;1
NARTY ATOMIC MAVERICK JR 110cm /2025 //04;A01083;1
NARTY ATOMIC MAVERICK JR 110cm /2025 //05;A01084;1
NARTY ATOMIC MAVERICK JR 110cm /2025 //06;A01085;1
NARTY ATOMIC MAVERICK JR 110cm /2025 //07;A01086;1
NARTY ATOMIC MAVERICK JR 110cm /2025 //08;A01087;1
NARTY ATOMIC MAVERICK JR 110cm /2025 //09;A01088;1
NARTY ATOMIC MAVERICK JR 110cm /2025 //10;A01089;1
NARTY ATOMIC MAVERICK JR 110cm /2025 //11;A01090;1
NARTY ATOMIC MAVERICK JR 110cm /2025 //12;A01091;1
NARTY ATOMIC MAVERICK JR 110cm /2025 //13;A01092;1
NARTY ATOMIC MAVERICK JR 110cm /2025 //14;A01093;1
NARTY ATOMIC MAVERICK JR 110cm /2025 //15;A01094;1
NARTY ATOMIC MAVERICK JR 110cm /2025 //16;A01095;1
NARTY ATOMIC MAVERICK JR 110cm /2025 //17;A01096;1
NARTY ATOMIC MAVERICK JR 110cm /2025 //18;A01097;1
NARTY ATOMIC MAVERICK JR 110cm /2025 //19;A01098;1
NARTY ATOMIC MAVERICK JR 110cm /2025 //20;A01099;1
NARTY ATOMIC MAVERICK JR 110cm /2025 //21;A01100;1
NARTY ATOMIC MAVERICK JR 110cm /2025 //22;A01101;1
NARTY ATOMIC MAVERICK JR 110cm /2025 //23;A01102;1
NARTY ATOMIC MAVERICK JR 110cm /2025 //24;A01103;1
NARTY ATOMIC MAVERICK JR 110cm /2025 //25;A01104;1
NARTY ATOMIC MAVERICK JR 110cm /2025 //26;A01105;1
NARTY ATOMIC MAVERICK JR 110cm /2025 //27;A01106;1
NARTY ATOMIC MAVERICK JR 110cm /2025 //28;A01107;1
NARTY ATOMIC MAVERICK JR 110cm /2025 //29;A01108;1
NARTY ATOMIC MAVERICK JR 110cm /2025 //30;A01109;1
NARTY ATOMIC MAVERICK JR 120cm /2025 //01;A01142;1
NARTY ATOMIC MAVERICK JR 120cm /2025 //02;A01143;1
NARTY ATOMIC MAVERICK JR 120cm /2025 //03;A01144;1
NARTY ATOMIC MAVERICK JR 120cm /2025 //04;A01145;1
NARTY ATOMIC MAVERICK JR 120cm /2025 //05;A01146;1
NARTY ATOMIC MAVERICK JR 120cm /2025 //06;A01147;1
NARTY ATOMIC MAVERICK JR 120cm /2025 //07;A01148;1
NARTY ATOMIC MAVERICK JR 120cm /2025 //08;A01149;1
NARTY ATOMIC MAVERICK JR 120cm /2025 //09;A01150;1
NARTY ATOMIC MAVERICK JR 120cm /2025 //10;A01151;1
NARTY ATOMIC MAVERICK JR 120cm /2025 //11;A01152;1
NARTY ATOMIC MAVERICK JR 120cm /2025 //12;A01153;1
NARTY ATOMIC MAVERICK JR 120cm /2025 //13;A01154;1
NARTY ATOMIC MAVERICK JR 120cm /2025 //14;A01155;1
NARTY ATOMIC MAVERICK JR 120cm /2025 //15;A01156;1
NARTY ATOMIC MAVERICK JR 120cm /2025 //16;A01157;1
NARTY ATOMIC MAVERICK JR 120cm /2025 //17;A01158;1
NARTY ATOMIC MAVERICK JR 120cm /2025 //18;A01159;1
NARTY ATOMIC MAVERICK JR 120cm /2025 //19;A01160;1
NARTY ATOMIC MAVERICK JR 120cm /2025 //20;A01161;1
NARTY ATOMIC MAVERICK JR 120cm /2025 //21;A01162;1
NARTY ATOMIC MAVERICK JR 120cm /2025 //22;A01163;1
NARTY ATOMIC MAVERICK JR 120cm /2025 //23;A01164;1
NARTY ATOMIC MAVERICK JR 120cm /2025 //24;A01165;1
NARTY ATOMIC MAVERICK JR 120cm /2025 //25;A01166;1
NARTY ATOMIC MAVERICK JR 120cm /2025 //26;A01167;1
NARTY ATOMIC MAVERICK JR 120cm /2025 //27;A01168;1
NARTY ATOMIC MAVERICK JR 120cm /2025 //28;A01169;1
NARTY ATOMIC MAVERICK JR 120cm /2025 //29;A01170;1
NARTY ATOMIC MAVERICK JR 120cm /2025 //30;A01171;1
NARTY ATOMIC MAVERICK JR 120cm /2025 //31;A01172;1
NARTY ATOMIC MAVERICK JR 120cm /2025 //32;A01173;1
NARTY VOLKL RACETIGER JR 120cm /2025 //01;A01181;1
NARTY VOLKL RACETIGER JR 120cm /2025 //02;A01182;1
NARTY VOLKL RACETIGER JR 120cm /2025 //03;A01183;1
NARTY VOLKL RACETIGER JR 120cm /2025 //04;A01184;1
NARTY VOLKL RACETIGER JR 120cm /2025 //05;A01185;1
NARTY ATOMIC MAVERICK JR 120cm /2024 //01;A01174;1
NARTY ATOMIC MAVERICK JR 120cm /2024 //02;A01175;1
NARTY ATOMIC MAVERICK JR 120cm /2024 //03;A01176;1
NARTY ATOMIC MAVERICK JR 120cm /2024 //04;A01177;1
NARTY ATOMIC MAVERICK JR 120cm /2024 //05;A01178;1
NARTY ATOMIC MAVERICK JR 120cm /2024 //06;A01179;1
NARTY ATOMIC MAVERICK JR 120cm /2024 //07;A01180;1
NARTY ATOMIC MAVERICK JR 120cm /2024 //08;A01199;1
NARTY ATOMIC MAVERICK JR 120cm /2024 //09;A01200;1
NARTY ATOMIC MAVERICK JR 120cm /2024 //10;A01201;1
NARTY ATOMIC MAVERICK JR 120cm /2024 //11;A01202;1
NARTY VOLKL RACETIGER JR 120cm /2024 //01;CB43;1
NARTY VOLKL RACETIGER JR 120cm /2024 //02;GD36;1
NARTY VOLKL RACETIGER JR 120cm /2024 //03;GD37;1
NARTY VOLKL RACETIGER JR 120cm /2024 //04;ED89;1
NARTY VOLKL RACETIGER JR 120cm /2024 //05;A01186;1
NARTY VOLKL RACETIGER SL JR 120cm /2024 //01;A01188;1
NARTY VOLKL RACETIGER SL JR 120cm /2024 //02;A01189;1
NARTY VOLKL RACETIGER SL JR 120cm /2024 //03;A01190;1
NARTY ATOMIC REDSTER J4 JUNIOR 120cm //01;A01191;1
NARTY ATOMIC REDSTER J4 JUNIOR 120cm //02;A01192;1
NARTY ATOMIC REDSTER J4 JUNIOR 120cm //03;A01193;1
NARTY ATOMIC REDSTER J2 JR 130cm //01;A01211;1
NARTY ATOMIC REDSTER J2 JR 130cm //02;A01212;1
NARTY VOLKL RACETIGER SL JR 130cm /2024 //01;A01194;1
NARTY VOLKL RACETIGER SL JR 130cm /2024 //02;A01195;1
NARTY VOLKL RACETIGER SL JR 130cm /2024 //03;A01196;1
NARTY ATOMIC REDSTER J2 JR 130cm /2022 //01;A01197;1
NARTY ATOMIC REDSTER J2 JR 130cm /2022 //02;A01198;1
NARTY VOLKL RACETIGER JR 130cm //01;A01217;1
NARTY VOLKL RACETIGER JR 130cm //02;A01218;1
NARTY VOLKL RACETIGER JR 130cm //03;A01219;1
NARTY VOLKL RACETIGER JR 130cm //04;A01220;1
NARTY VOLKL RACETIGER JR 130cm //05;A01221;1
NARTY VOLKL RACETIGER JR 130cm //06;A01222;1
NARTY VOLKL RACETIGER JR 130cm /2025 //01;A01366;1
NARTY VOLKL RACETIGER JR 130cm /2025 //02;A01367;1
NARTY VOLKL RACETIGER JR 130cm /2025 //03;A01368;1
NARTY VOLKL RACETIGER JR 130cm /2025 //04;A01369;1
NARTY VOLKL RACETIGER JR 130cm /2025 //05;A01370;1
NARTY VOLKL RACETIGER JR 130cm /2025 //06;A01371;1
NARTY VOLKL RACETIGER JR 130cm /2025 //07;A01372;1
NARTY VOLKL RACETIGER JR 130cm /2025 //08;A01373;1
NARTY ELAN FORMULA RED 130cm /2023 //01;;1
NARTY ELAN FORMULA RED 130cm /2023 //02;;1
NARTY ELAN FORMULA RED 130cm /2023 //03;;1
NARTY ELAN FORMULA RED 130cm /2023 //04;;1
NARTY ELAN FORMULA RED 130cm /2023 //05;;1
NARTY ELAN FORMULA RED 130cm /2023 //06;;1
NARTY ELAN FORMULA RED 130cm /2023 //07;;1
NARTY ELAN FORMULA RED 130cm /2023 //08;;1
NARTY ELAN FORMULA RED 130cm /2023 //09;;1
NARTY ELAN FORMULA RED 130cm /2023 //10;;1
NARTY ELAN FORMULA RED 130cm /2023 //11;;1
NARTY ELAN FORMULA RED 130cm /2023 //12;;1
NARTY ELAN FORMULA RED 130cm /2023 //13;;1
NARTY ELAN FORMULA RED 130cm /2023 //14;;1
NARTY ATOMIC MAVERICK JR 130cm /2025 //01;A01451;1
NARTY ATOMIC MAVERICK JR 130cm /2025 //02;A01452;1
NARTY ATOMIC MAVERICK JR 130cm /2025 //03;A01453;1
NARTY ATOMIC MAVERICK JR 130cm /2025 //04;A01454;1
NARTY ATOMIC MAVERICK JR 130cm /2025 //05;A01455;1
NARTY ATOMIC MAVERICK JR 130cm /2025 //06;A01456;1
NARTY ATOMIC MAVERICK JR 130cm /2025 //07;A01457;1
NARTY ATOMIC MAVERICK JR 130cm /2025 //08;A01458;1
NARTY ATOMIC MAVERICK JR 130cm /2025 //09;A01459;1
NARTY ATOMIC MAVERICK JR 130cm /2025 //10;A01460;1
NARTY ATOMIC MAVERICK JR 130cm /2025 //11;A01461;1
NARTY ATOMIC MAVERICK JR 130cm /2025 //12;A01462;1
NARTY ATOMIC MAVERICK JR 130cm /2025 //13;A01463;1
NARTY ATOMIC MAVERICK JR 130cm /2025 //14;A01464;1
NARTY ATOMIC MAVERICK JR 130cm /2025 //15;A01465;1
NARTY ATOMIC MAVERICK JR 130cm /2025 //16;A01466;1
NARTY ATOMIC MAVERICK JR 130cm /2025 //17;A01467;1
NARTY ATOMIC MAVERICK JR 130cm /2025 //18;A01468;1
NARTY ATOMIC MAVERICK JR 130cm /2025 //19;A01469;1
NARTY ATOMIC MAVERICK JR 130cm /2025 //20;A01470;1
NARTY ATOMIC MAVERICK JR 130cm /2025 //21;A01471;1
NARTY ATOMIC MAVERICK JR 130cm /2025 //22;A01472;1
NARTY ATOMIC MAVERICK JR 130cm /2025 //23;A01473;1
NARTY ATOMIC MAVERICK JR 130cm /2025 //24;A01474;1
NARTY ATOMIC MAVERICK JR 130cm /2025 //25;A01475;1
NARTY ATOMIC MAVERICK JR 130cm /2025 //26;A01476;1
NARTY NOWE FISCHER RACE JR 130cm /2025 //01;A00946;1
NARTY NOWE FISCHER RACE JR 130cm /2025 //02;A00947;1
NARTY NOWE FISCHER RACE JR 130cm /2025 //03;A00948;1
NARTY NOWE FISCHER RACE JR 130cm /2025 //04;A00949;1
NARTY NOWE FISCHER RACE JR 130cm /2025 //05;A00950;1
NARTY NOWE FISCHER RACE JR 130cm /2025 //06;A00951;1
NARTY NOWE FISCHER RACE JR 130cm /2025 //07;A00952;1
NARTY NOWE FISCHER RACE JR 130cm /2025 //08;A00953;1
NARTY NOWE FISCHER RACE JR 130cm /2025 //09;A00954;1
NARTY NOWE FISCHER RACE JR 130cm /2025 //10;A00955;1
NARTY NOWE FISCHER RACE JR 130cm /2025 //11;A00956;1
NARTY NOWE FISCHER RACE JR 130cm /2025 //12;A00957;1
NARTY NOWE FISCHER RACE JR 130cm /2025 //13;A00958;1
NARTY NOWE FISCHER RACE JR 130cm /2025 //14;A00959;1
NARTY NOWE FISCHER RACE JR 130cm /2025 //15;A00960;1
NARTY NOWE FISCHER RACE JR 130cm /2025 //16;A00961;1
NARTY NOWE FISCHER RACE JR 130cm /2025 //17;A00962;1
NARTY NOWE FISCHER RACE JR 130cm /2025 //18;A01505;1
NARTY NOWE FISCHER RACE JR 130cm /2025 //19;A01506;1
NARTY NOWE FISCHER RACE JR 130cm /2025 //20;A01507;1
NARTY ELAN FORMULA RED 140cm /2024 //01;A01510;1
NARTY ELAN FORMULA RED 140cm /2024 //02;A01511;1
NARTY ELAN FORMULA RED 140cm /2024 //03;A01512;1
NARTY ELAN FORMULA RED 140cm /2024 //04;A01513;1
NARTY ELAN FORMULA RED 140cm /2024 //05;A01514;1
NARTY ELAN FORMULA RED 140cm /2024 //06;A01515;1
NARTY ELAN FORMULA RED 140cm /2024 //07;A01516;1
NARTY ATOMIC MAVERICK JR 140 cm /2025 //01;A01527;1
NARTY ATOMIC MAVERICK JR 140 cm /2025 //02;A01528;1
NARTY ATOMIC MAVERICK JR 140 cm /2025 //03;A01529;1
NARTY ATOMIC MAVERICK JR 140 cm /2025 //04;A01530;1
NARTY ATOMIC MAVERICK JR 140 cm /2025 //05;A01531;1
NARTY ATOMIC MAVERICK JR 140 cm /2025 //06;A01532;1
NARTY ATOMIC MAVERICK JR 140 cm /2025 //07;A01533;1
NARTY ATOMIC MAVERICK JR 140 cm /2025 //08;A01534;1
NARTY ATOMIC MAVERICK JR 140 cm /2025 //09;A01535;1
NARTY ATOMIC MAVERICK JR 140 cm /2025 //10;A01536;1
NARTY ATOMIC MAVERICK JR 140 cm /2025 //11;A01537;1
NARTY ATOMIC MAVERICK JR 140 cm /2025 //12;A01538;1
NARTY ATOMIC MAVERICK JR 140 cm /2025 //13;A01539;1
NARTY ATOMIC MAVERICK JR 140 cm /2025 //14;A01540;1
NARTY ATOMIC MAVERICK JR 140 cm /2025 //15;A01508;1
NARTY ATOMIC MAVERICK JR 140 cm /2025 //16;A01509;1
NARTY FISCHER RACE JR 140cm /2025 //01;A01577;1
NARTY FISCHER RACE JR 140cm /2025 //02;A01578;1
NARTY FISCHER RACE JR 140cm /2025 //03;A01579;1
NARTY FISCHER RACE JR 140cm /2025 //04;A01580;1
NARTY FISCHER RACE JR 140cm /2025 //05;A01581;1
NARTY FISCHER RACE JR 140cm /2025 //06;A01582;1
NARTY FISCHER RACE JR 140cm /2025 //07;A01583;1
NARTY FISCHER RACE JR 140cm /2025 //08;A01584;1
NARTY FISCHER RACE JR 140cm /2025 //09;A01585;1
NARTY FISCHER RACE JR 140cm /2025 //10;A01586;1
NARTY FISCHER RACE JR 140cm /2025 //11;A01587;1
NARTY FISCHER RACE JR 140cm /2025 //12;A01588;1
NARTY FISCHER RACE JR 140cm /2025 //13;A01589;1
NARTY FISCHER RACE JR 140cm /2025 //14;A01590;1
NARTY FISCHER RACE JR 140cm /2025 //15;A01591;1
NARTY FISCHER RACE JR 140cm /2025 //16;A01592;1
NARTY FISCHER RACE JR 140cm /2025 //17;A01593;1
NARTY FISCHER RACE JR 140cm /2025 //18;A01594;1
NARTY FISCHER RACE JR 140cm /2025 //19;A01595;1
NARTY FISCHER RACE JR 140cm /2025 //20;A01596;1
NARTY FISCHER RACE JR 140cm /2025 //21;A01597;1
NARTY FISCHER RACE JR 140cm /2025 //22;A01598;1
NARTY FISCHER RACE JR 140cm /2025 //23;A01599;1
NARTY FISCHER RACE JR 140cm /2025 //24;A01600;1
NARTY FISCHER RACE JR 140cm /2025 //25;A01601;1
NARTY FISCHER RACE JR 140cm /2025 //26;A01602;1
NARTY FISCHER RACE JR 140cm /2025 //27;A01603;1
NARTY FISCHER RACE JR 140cm /2025 //28;A01604;1
NARTY FISCHER RACE JR 140cm /2025 //29;A01605;1
NARTY FISCHER RACE JR 140cm /2025 //30;A01606;1
NARTY FISCHER RACE JR 140cm /2025 //31;A01607;1
NARTY FISCHER RACE JR 140cm /2025 //32;A01608;1
NARTY FISCHER RACE JR 140cm /2025 //33;A01609;1
NARTY FISCHER RACE JR 140cm /2025 //34;A01610;1
NARTY FISCHER RACE JR 140cm /2025 //35;A01611;1
NARTY FISCHER RACE JR 140cm /2025 //36;A01612;1
NARTY FISCHER RACE JR 140cm /2025 //37;A01613;1
NARTY FISCHER RACE JR 140cm /2025 //38;A01614;1
NARTY FISCHER RACE JR 140cm /2025 //39;A01615;1
NARTY FISCHER RACE JR 140cm /2025 //40;A01616;1
NARTY FISCHER RACE JR 140cm /2025 //41;A01617;1
NARTY FISCHER RACE JR 140cm /2025 //42;A01618;1
NARTY FISCHER RACE JR 140cm /2025 //43;A01619;1
NARTY FISCHER RACE JR 140cm /2025 //44;A01620;1
NARTY FISCHER RACE JR 140cm /2025 //45;A01621;1
NARTY FISCHER RACE JR 140cm /2025 //46;A01622;1
NARTY FISCHER RACE JR 140cm /2025 //47;A01623;1
NARTY FISCHER RACE JR 140cm /2025 //48;A01624;1
NARTY ATOMIC MAVERICK JR 150cm /2025 //01;A01374;1
NARTY ATOMIC MAVERICK JR 150cm /2025 //02;A01375;1
NARTY ATOMIC MAVERICK JR 150cm /2025 //03;A01376;1
NARTY ATOMIC MAVERICK JR 150cm /2025 //04;A01377;1
NARTY ATOMIC MAVERICK JR 150cm /2025 //05;A01378;1
NARTY ATOMIC MAVERICK JR 150cm /2025 //06;A01517;1
NARTY ATOMIC MAVERICK JR 150cm /2025 //07;A01518;1
NARTY ATOMIC MAVERICK JR 150cm /2025 //08;A01519;1
NARTY ATOMIC MAVERICK JR 150cm /2025 //09;A01520;1
NARTY ATOMIC MAVERICK JR 150cm /2025 //10;A01521;1
BUTY HEAD EDGE LYT 7 W R rozm23 /2025 //01;BO21;1
BUTY HEAD EDGE LYT 7 W R rozm23 /2025 //02;BO22;1
BUTY HEAD EDGE LYT 7 W R rozm23 /2025 //03;EM23;1
BUTY HEAD EDGE LYT 7 W R rozm23 /2025 //04;BO20;1
BUTY HEAD EDGE LYT 7 W R rozm23 /2025 //05;DI173;1
BUTY HEAD EDGE LYT 7 W R rozm23 /2025 //06;CF73;1
BUTY SALOMON QUEST ACCESS 70W rozm23 /2024 //01;B3500;1
BUTY NORDICA SPORTMACHINE 3 75 W R rozm23 /2024 //01;A01346;1
BUTY NORDICA SPEEDMACHINE 85 W rozm23 /2024 //01;A01345;1
BUTY SALOMON S/PRO SPORT 90 W rozm23 /2024 //01;A01344;1
BUTY ATOMIC HAWX PRIME 85 W rozm23 /2024 //01;A01347;1
BUTY NORDICA SPEEDMACHINE 3 95 W R rozm23 /2024 //01;A01343;1
BUTY HEAD EDGE LYT 7 W R rozm24 /2025 //01;GL06;1
BUTY HEAD EDGE LYT 7 W R rozm24 /2025 //02;BO25;1
BUTY HEAD EDGE LYT 7 W R rozm24 /2025 //03;BO28;1
BUTY HEAD EDGE LYT 7 W R rozm24 /2025 //04;FM70;1
BUTY HEAD EDGE LYT 7 W R rozm24 /2025 //05;CF75;1
BUTY HEAD EDGE LYT 7 W R rozm24 /2025 //06;CF74;1
BUTY HEAD EDGE LYT 7 W R rozm24 /2025 //07;EM24;1
BUTY HEAD EDGE LYT 7 W R rozm24 /2025 //08;BO27;1
BUTY HEAD EDGE LYT 7 W R rozm24 /2025 //09;DI178;1
BUTY HEAD EDGE LYT 7 W R rozm24 /2025 //10;DI174;1
BUTY HEAD EDGE LYT 7 W R rozm24 /2025 //11;DI176;1
BUTY HEAD EDGE LYT 7 W R rozm24 /2025 //12;DI177;1
BUTY NORDICA SPORTMACHINE 3 75 W R rozm24 /2024 //01;A01348;1
BUTY NORDICA SPORTMACHINE 3 75 W R rozm24 /2024 //02;A01349;1
BUTY NORDICA SPORTMACHINE 3 75 W R rozm24 /2024 //03;A01350;1
BUTY NORDICA SPORTMACHINE 3 75 W R rozm24 /2024 //04;A01351;1
BUTY NORDICA SPORTMACHINE 3 75 W R rozm24 /2024 //05;A01352;1
BUTY NORDICA SPORTMACHINE 3 75 W R rozm24 /2024 //06;A01353;1
BUTY NORDICA SPORTMACHINE 3 75 W R rozm24 /2024 //07;A01354;1
BUTY NORDICA SPEEDMACHINE 85 W rozm24 /2024 //01;A01204;1
BUTY NORDICA SPEEDMACHINE 85 W rozm24 /2024 //02;B3330;1
BUTY NORDICA SPEEDMACHINE 85 W rozm24 /2024 //03;B3336;1
BUTY NORDICA SPEEDMACHINE 85 W rozm24 /2024 //04;B3327;1
BUTY NORDICA SPEEDMACHINE 85 W rozm24 /2024 //05;B3339;1
BUTY NORDICA SPEEDMACHINE 85 W rozm24 /2024 //06;B3324;1
BUTY ATOMIC HAWX PRIME 85 W rozm24 /2025 //01;062439;1
BUTY ATOMIC HAWX PRIME 85 W rozm24 /2025 //02;059800;1
BUTY SALOMON S/PRO SPORT 90 W rozm24 /2024 //01;A01203;1
BUTY SALOMON S/PRO SPORT 90 W rozm24 /2024 //02;A01392;1
BUTY NORDICA SPEEDMACHINE 3 95 W R rozm24 /2024 //01;A01393;1
BUTY NORDICA SPEEDMACHINE 3 95 W R rozm24 /2024 //02;A00072;1
BUTY HEAD EDGE LYT 7 W R rozm25 /2025 //01;FM76;1
BUTY HEAD EDGE LYT 7 W R rozm25 /2025 //02;GL13;1
BUTY HEAD EDGE LYT 7 W R rozm25 /2025 //03;DI180;1
BUTY HEAD EDGE LYT 7 W R rozm25 /2025 //04;EM30;1
BUTY HEAD EDGE LYT 7 W R rozm25 /2025 //05;DI182;1
BUTY HEAD EDGE LYT 7 W R rozm25 /2025 //06;DI183;1
BUTY HEAD EDGE LYT 7 W R rozm25 /2025 //07;BO36;1
BUTY HEAD EDGE LYT 7 W R rozm25 /2025 //08;CF79;1
BUTY HEAD EDGE LYT 7 W R rozm25 /2025 //09;CF76;1
BUTY HEAD EDGE LYT 7 W R rozm25 /2025 //10;BO34;1
BUTY HEAD EDGE LYT 7 W R rozm25 /2025 //11;GL10;1
BUTY HEAD EDGE LYT 7 W R rozm25 /2025 //12;BO35;1
BUTY HEAD EDGE LYT 7 W R rozm25 /2025 //13;BO41;1
BUTY HEAD EDGE LYT 7 W R rozm25 /2025 //14;GL11;1
BUTY HEAD EDGE LYT 7 W R rozm25 /2025 //15;BO38;1
BUTY HEAD EDGE LYT 7 W R rozm25 /2025 //16;EM33;1
BUTY HEAD EDGE LYT 7 W R rozm25 /2025 //17;CF78;1
BUTY HEAD EDGE LYT 7 W R rozm25 /2025 //18;EM32;1
BUTY HEAD EDGE LYT 7 W R rozm25 /2025 //19;GL17;1
BUTY HEAD EDGE LYT 7 W R rozm25 /2025 //20;CF80;1
BUTY HEAD EDGE LYT 7 W R rozm25 /2025 //21;BO40;1
BUTY HEAD EDGE LYT 7 W R rozm25 /2025 //22;BO33;1
BUTY HEAD EDGE LYT 7 W R rozm25 /2025 //23;EM31;1
BUTY HEAD EDGE LYT 7 W R rozm25 /2025 //24;FM74;1
BUTY HEAD EDGE LYT 7 W R rozm25 /2025 //25;CF77;1
BUTY HEAD EDGE LYT 7 W R rozm25 /2025 //26;GL14;1
BUTY SALOMON QUEST ACCESS 70W rozm25 /2024 //01;B3567;1
BUTY SALOMON QUEST ACCESS 70W rozm25 /2024 //02;B3532;1
BUTY SALOMON QUEST ACCESS 70W rozm25 /2024 //03;B3529;1
BUTY SALOMON QUEST ACCESS 70W rozm25 /2024 //04;B3558;1
BUTY SALOMON QUEST ACCESS 70W rozm25 /2024 //05;B3562;1
BUTY SALOMON QUEST ACCESS 70W rozm25 /2024 //06;B3556;1
BUTY SALOMON QUEST ACCESS 70W rozm25 /2024 //07;B3167;1
BUTY SALOMON QUEST ACCESS 70W rozm25 /2024 //08;B3539;1
BUTY SALOMON QUEST ACCESS 70W rozm25 /2024 //09;B3543;1
BUTY SALOMON QUEST ACCESS 70W rozm25 /2024 //10;B3538;1
BUTY NORDICA SPORTMACHINE 3 75 W R rozm25 /2024 //01;A01326;1
BUTY NORDICA SPORTMACHINE 3 75 W R rozm25 /2024 //02;A01325;1
BUTY NORDICA SPORTMACHINE 3 75 W R rozm25 /2024 //03;A01324;1
BUTY NORDICA SPORTMACHINE 3 75 W R rozm25 /2024 //04;A01328;1
BUTY NORDICA SPORTMACHINE 3 75 W R rozm25 /2024 //05;A01327;1
BUTY NORDICA SPORTMACHINE 3 75 W R rozm25 /2024 //06;A01330;1
BUTY NORDICA SPORTMACHINE 3 75 W R rozm25 /2024 //07;A01329;1
BUTY NORDICA SPORTMACHINE 3 75 W R rozm25 /2024 //08;A01332;1
BUTY NORDICA SPORTMACHINE 3 75 W R rozm25 /2024 //09;BN04;1
BUTY NORDICA SPORTMACHINE 3 75 W R rozm25 /2024 //10;BN03;1
BUTY ATOMIC HAWX PRIME 85 W rozm25 /2025 //01;A01286;1
BUTY ATOMIC HAWX PRIME 85 W rozm25 /2025 //02;A01285;1
BUTY ATOMIC HAWX PRIME 85 W rozm25 /2025 //03;A01284;1
BUTY ATOMIC HAWX PRIME 85 W rozm25 /2025 //04;A01282;1
BUTY ATOMIC HAWX PRIME 85 W rozm25 /2025 //05;040587;1
BUTY ATOMIC HAWX PRIME 85 W rozm25 /2025 //06;061016;1
BUTY NORDICA SPEEDMACHINE 85 W rozm25 /2024 //01;B3354;1
BUTY NORDICA SPEEDMACHINE 85 W rozm25 /2024 //02;B3372;1
BUTY NORDICA SPEEDMACHINE 85 W rozm25 /2024 //03;A01281;1
BUTY NORDICA SPEEDMACHINE 85 W rozm25 /2024 //04;A01271;1
BUTY NORDICA SPEEDMACHINE 85 W rozm25 /2024 //05;A01272;1
BUTY TECNICA MACH SPORT MV 85 W rozm25 /2024 //01;A01273;1
BUTY TECNICA MACH SPORT MV 85 W rozm25 /2024 //02;A01274;1
BUTY ATOMIC HAWX PRIME PRO 95 W rozm25 /2024 //01;A3766;1
BUTY ATOMIC HAWX PRIME PRO 95 W rozm25 /2024 //02;627523;1
BUTY ATOMIC HAWX PRIME PRO 95 W rozm25 /2024 //03;627521;1
BUTY ATOMIC HAWX PRIME PRO 95 W rozm25 /2024 //04;627525;1
BUTY ATOMIC HAWX PRIME PRO 95 W rozm25 /2024 //05;631756;1
BUTY SALOMON S/PRO SPORT 100 rozm25 /2024 //01;A01275;1
BUTY HEAD EDGE LYT 7 W R rozm26 /2025 //01;EM43;1
BUTY HEAD EDGE LYT 7 W R rozm26 /2025 //02;GL26;1
BUTY HEAD EDGE LYT 7 W R rozm26 /2025 //03;FM86;1
BUTY HEAD EDGE LYT 7 W R rozm26 /2025 //04;DI193;1
BUTY HEAD EDGE LYT 7 W R rozm26 /2025 //05;GL21;1
BUTY HEAD EDGE LYT 7 W R rozm26 /2025 //06;CH39;1
BUTY HEAD EDGE LYT 7 W R rozm26 /2025 //07;FM87;1
BUTY HEAD EDGE LYT 7 W R rozm26 /2025 //08;CF81;1
BUTY HEAD EDGE LYT 7 W R rozm26 /2025 //09;EM40;1
BUTY HEAD EDGE LYT 7 W R rozm26 /2025 //10;BO55;1
BUTY HEAD EDGE LYT 7 W R rozm26 /2025 //11;FL54;1
BUTY HEAD EDGE LYT 7 W R rozm26 /2025 //12;FL50;1
BUTY HEAD EDGE LYT 7 W R rozm26 /2025 //13;BO57;1
BUTY HEAD EDGE LYT 7 W R rozm26 /2025 //14;CF84;1
BUTY HEAD EDGE LYT 7 W R rozm26 /2025 //15;FL56;1
BUTY HEAD EDGE LYT 7 W R rozm26 /2025 //16;BO44;1
BUTY HEAD EDGE LYT 7 W R rozm26 /2025 //17;GL22;1
BUTY HEAD EDGE LYT 7 W R rozm26 /2025 //18;FL55;1
BUTY HEAD EDGE LYT 7 W R rozm26 /2025 //19;GI48;1
BUTY HEAD EDGE LYT 7 W R rozm26 /2025 //20;EM39;1
BUTY SALOMON QUEST ACCESS 70W rozm26 /2024 //01;B3579;1
BUTY SALOMON QUEST ACCESS 70W rozm26 /2024 //02;B3610;1
BUTY SALOMON QUEST ACCESS 70W rozm26 /2024 //03;B3587;1
BUTY SALOMON QUEST ACCESS 70W rozm26 /2024 //04;B3174;1
BUTY SALOMON QUEST ACCESS 70W rozm26 /2024 //05;B3599;1
BUTY SALOMON QUEST ACCESS 70W rozm26 /2024 //06;B3586;1
BUTY SALOMON QUEST ACCESS 70W rozm26 /2024 //07;B3583;1
BUTY SALOMON QUEST ACCESS 70W rozm26 /2024 //08;B3575;1
BUTY SALOMON QUEST ACCESS 70W rozm26 /2024 //09;B3576;1
BUTY SALOMON QUEST ACCESS 70W rozm26 /2024 //10;B3601;1
BUTY NORDICA SPORTMACHINE 3 75 W R rozm26 /2024 //01;A01318;1
BUTY NORDICA SPORTMACHINE 3 75 W R rozm26 /2024 //02;A01319;1
BUTY NORDICA SPORTMACHINE 3 75 W R rozm26 /2024 //03;A01320;1
BUTY NORDICA SPORTMACHINE 3 75 W R rozm26 /2024 //04;A01321;1
BUTY NORDICA SPORTMACHINE 3 75 W R rozm26 /2024 //05;A01322;1
BUTY NORDICA SPORTMACHINE 3 75 W R rozm26 /2024 //06;A01323;1
BUTY SALOMON QUEST ACCESS 80 rozm26 /2024 //01;A01317;1
BUTY SALOMON QUEST ACCESS 80 rozm26 /2024 //02;A01316;1
BUTY SALOMON QUEST ACCESS 80 rozm26 /2024 //03;A01315;1
BUTY SALOMON QUEST ACCESS 80 rozm26 /2024 //04;A01314;1
BUTY SALOMON QUEST ACCESS 80 rozm26 /2024 //05;A01310;1
BUTY SALOMON QUEST ACCESS 80 rozm26 /2024 //06;A01311;1
BUTY SALOMON QUEST ACCESS 80 rozm26 /2024 //07;A01312;1
BUTY SALOMON QUEST ACCESS 80 rozm26 /2024 //08;A01313;1
BUTY HEAD EDGE LYT 9 R rozm26 /2025 //01;A01309;1
BUTY HEAD EDGE LYT 9 R rozm26 /2025 //02;A01308;1
BUTY HEAD EDGE LYT 9 R rozm26 /2025 //03;A01307;1
BUTY HEAD EDGE LYT 9 R rozm26 /2025 //04;A01289;1
BUTY HEAD EDGE LYT 9 R rozm26 /2025 //05;A01288;1
BUTY HEAD EDGE LYT 9 R rozm26 /2025 //06;A01287;1
BUTY NORDICA SPORTMACHINE 3 90 R rozm26 /2025 //01;A01280;1
BUTY NORDICA SPORTMACHINE 3 90 R rozm26 /2025 //02;A01279;1
BUTY NORDICA SPORTMACHINE 3 90 R rozm26 /2025 //03;A01278;1
BUTY NORDICA SPORTMACHINE 3 90 R rozm26 /2025 //04;A01277;1
BUTY NORDICA SPORTMACHINE 3 90 R rozm26 /2025 //05;A01276;1
BUTY ATOMIC HAWX PRIME 90 rozm26 /2024 //01;050095;1
BUTY ATOMIC HAWX PRIME 90 rozm26 /2024 //02;062298;1
BUTY ATOMIC HAWX PRIME PRO 95 W rozm26 /2024 //01;627518;1
BUTY ATOMIC HAWX PRIME PRO 95 W rozm26 /2024 //02;A00639;1
BUTY ATOMIC HAWX PRIME PRO 95 W rozm26 /2024 //03;A00711;1
BUTY ATOMIC HAWX PRIME PRO 95 W rozm26 /2024 //04;A00710;1
BUTY ATOMIC HAWX PRIME PRO 95 W rozm26 /2024 //05;A01331;1
BUTY ATOMIC HAWX PRIME PRO 95 W rozm26 /2024 //06;A3785;1
BUTY ATOMIC HAWX PRIME PRO 95 W rozm26 /2024 //07;A3787;1
BUTY ATOMIC HAWX PRIME PRO 95 W rozm26 /2024 //08;A3784;1
BUTY NORDICA SPEEDMACHINE 3 95 W R rozm26 /2024 //01;A00041;1
BUTY NORDICA SPEEDMACHINE 3 95 W R rozm26 /2024 //02;A00062;1
BUTY NORDICA SPEEDMACHINE 3 95 W R rozm26 /2024 //03;A00063;1
BUTY NORDICA SPEEDMACHINE 3 95 W R rozm26 /2024 //04;A00064;1
BUTY NORDICA SPEEDMACHINE 3 95 W R rozm26 /2024 //05;A00360;1
BUTY SALOMON S/PRO SPORT 100 rozm26 /2024 //01;A01333;1
BUTY SALOMON S/PRO SPORT 100 rozm26 /2024 //02;A01334;1
BUTY NORDICA SPEEDMACHINE 110 rozm26 /2024 //01;A01335;1
BUTY NORDICA SPEEDMACHINE 110 rozm26 /2024 //02;A01336;1
BUTY NORDICA SPEEDMACHINE 110 rozm26 /2024 //03;A01337;1
BUTY NORDICA SPEEDMACHINE 110 rozm26 /2024 //04;A01338;1
BUTY NORDICA SPEEDMACHINE 110 rozm26 /2024 //05;A01339;1
BUTY NORDICA SPEEDMACHINE 110 rozm26 /2024 //06;A01340;1
BUTY NORDICA SPEEDMACHINE 110 rozm26 /2024 //07;A01341;1
BUTY NORDICA SPEEDMACHINE 110 rozm26 /2024 //08;A01342;1
BUTY NORDICA SPEEDMACHINE 110 rozm26 /2024 //09;A01300;1
BUTY NORDICA SPEEDMACHINE 110 rozm26 /2024 //10;A01301;1
BUTY K2 RECON BOA 110 rozm26 /2025 //01;BP07;1
BUTY HEAD EDGE LYT 7 W R rozm27 /2025 //01;FL65;1
BUTY HEAD EDGE LYT 7 W R rozm27 /2025 //02;BO69;1
BUTY HEAD EDGE LYT 7 W R rozm27 /2025 //03;BO68;1
BUTY HEAD EDGE LYT 7 W R rozm27 /2025 //04;FL64;1
BUTY HEAD EDGE LYT 7 W R rozm27 /2025 //05;DI198;1
BUTY SALOMON QUEST ACCESS 70W rozm27 /2024 //01;B3633;1
BUTY SALOMON QUEST ACCESS 70W rozm27 /2024 //02;B3637;1
BUTY SALOMON QUEST ACCESS 70W rozm27 /2024 //03;B3622;1
BUTY SALOMON QUEST ACCESS 70W rozm27 /2024 //04;B3636;1
BUTY SALOMON QUEST ACCESS 80 rozm27 /2024 //01;A01414;1
BUTY SALOMON QUEST ACCESS 80 rozm27 /2024 //02;A01379;1
BUTY SALOMON QUEST ACCESS 80 rozm27 /2024 //03;A01380;1
BUTY SALOMON QUEST ACCESS 80 rozm27 /2024 //04;A01381;1
BUTY SALOMON QUEST ACCESS 80 rozm27 /2024 //05;A01382;1
BUTY SALOMON QUEST ACCESS 80 rozm27 /2024 //06;A01383;1
BUTY SALOMON QUEST ACCESS 80 rozm27 /2024 //07;A01384;1
BUTY SALOMON QUEST ACCESS 80 rozm27 /2024 //08;A01385;1
BUTY SALOMON QUEST ACCESS 80 rozm27 /2024 //09;A01386;1
BUTY SALOMON QUEST ACCESS 80 rozm27 /2024 //10;A01387;1
BUTY SALOMON QUEST ACCESS 80 rozm27 /2024 //11;A01388;1
BUTY SALOMON QUEST ACCESS 80 rozm27 /2024 //12;A01389;1
BUTY SALOMON QUEST ACCESS 80 rozm27 /2024 //13;B3186;1
BUTY SALOMON QUEST ACCESS 80 rozm27 /2024 //14;A01390;1
BUTY SALOMON QUEST ACCESS 80 rozm27 /2024 //15;B3675;1
BUTY HEAD EDGE LYT 9 R rozm27 /2025 //01;A01408;1
BUTY HEAD EDGE LYT 9 R rozm27 /2025 //02;A01409;1
BUTY HEAD EDGE LYT 9 R rozm27 /2025 //03;A01410;1
BUTY HEAD EDGE LYT 9 R rozm27 /2025 //04;A01411;1
BUTY HEAD EDGE LYT 9 R rozm27 /2025 //05;BO61;1
BUTY HEAD EDGE LYT 9 R rozm27 /2025 //06;BO64;1
BUTY HEAD EDGE LYT 9 R rozm27 /2025 //07;FL60;1
BUTY HEAD EDGE LYT 9 R rozm27 /2025 //08;063438;1
BUTY HEAD EDGE LYT 9 R rozm27 /2025 //09;060195;1
BUTY HEAD EDGE LYT 9 R rozm27 /2025 //10;FL62;1
BUTY ATOMIC HAWX PRIME 90 rozm27 /2025 //01;A01223;1
BUTY ATOMIC HAWX PRIME 90 rozm27 /2025 //02;A01224;1
BUTY ATOMIC HAWX PRIME 90 rozm27 /2025 //03;A01225;1
BUTY ATOMIC HAWX PRIME 90 rozm27 /2025 //04;A01226;1
BUTY ATOMIC HAWX PRIME 90 rozm27 /2025 //05;A01227;1
BUTY TECNICA MACH SPORT MV 90 rozm27 /2024 //01;A01230;1
BUTY TECNICA MACH SPORT MV 90 rozm27 /2024 //02;A01231;1
BUTY NORDICA SPORTMACHINE 3 90 R rozm27 /2025 //01;FB67624;1
BUTY NORDICA SPORTMACHINE 3 90 R rozm27 /2025 //02;FB67815;1
BUTY NORDICA SPORTMACHINE 3 90 R rozm27 /2025 //03;FB67567;1
BUTY NORDICA SPORTMACHINE 3 90 R rozm27 /2025 //04;FB67501;1
BUTY NORDICA SPORTMACHINE 3 90 R rozm27 /2025 //05;EL8955J;1
BUTY NORDICA SPORTMACHINE 3 90 R rozm27 /2025 //06;062138;1
BUTY NORDICA SPORTMACHINE 3 90 R rozm27 /2025 //07;FB67837;1
BUTY NORDICA SPORTMACHINE 3 90 R rozm27 /2025 //08;FB67747;1
BUTY NORDICA SPORTMACHINE 3 90 R rozm27 /2025 //09;A01407;1
BUTY NORDICA SPORTMACHINE 3 90 R rozm27 /2025 //10;A01406;1
BUTY NORDICA SPORTMACHINE 3 90 R rozm27 /2025 //11;A01405;1
BUTY NORDICA SPORTMACHINE 3 90 R rozm27 /2025 //12;A01404;1
BUTY NORDICA SPORTMACHINE 3 90 R rozm27 /2025 //13;A01403;1
BUTY NORDICA SPORTMACHINE 3 90 R rozm27 /2025 //14;A01402;1
BUTY NORDICA SPORTMACHINE 3 90 R rozm27 /2025 //15;A01401;1
BUTY NORDICA SPORTMACHINE 3 90 R rozm27 /2025 //16;A01400;1
BUTY NORDICA SPORTMACHINE 3 90 R rozm27 /2025 //17;A01399;1
BUTY NORDICA SPORTMACHINE 3 90 R rozm27 /2025 //18;A01398;1
BUTY NORDICA SPORTMACHINE 3 90 R rozm27 /2025 //19;A01397;1
BUTY NORDICA SPORTMACHINE 3 90 R rozm27 /2025 //20;A01306;1
BUTY NORDICA SPORTMACHINE 3 90 R rozm27 /2025 //21;A01234;1
BUTY NORDICA SPORTMACHINE 3 90 R rozm27 /2025 //22;A01233;1
BUTY NORDICA SPORTMACHINE 3 90 R rozm27 /2025 //23;A01232;1
BUTY NORDICA SPEEDMACHINE 3 95 W R rozm27 /2024 //01;A01229;1
BUTY ATOMIC HAWX PRIME PRO 100 rozm27 /2024 //01;A01304;1
BUTY ATOMIC HAWX PRIME PRO 100 rozm27 /2024 //02;A01305;1
BUTY NORDICA SPORTMACHINE 3 100 R rozm27 /2024 //01;A01228;1
BUTY NORDICA SPEEDMACHINE 110 rozm27 /2024 //01;A01415;1
BUTY NORDICA SPEEDMACHINE 110 rozm27 /2024 //02;A01416;1
BUTY NORDICA SPEEDMACHINE 110 rozm27 /2024 //03;A01417;1
BUTY NORDICA SPEEDMACHINE 110 rozm27 /2024 //04;A01418;1
BUTY NORDICA SPEEDMACHINE 110 rozm27 /2024 //05;A01419;1
BUTY NORDICA SPEEDMACHINE 110 rozm27 /2024 //06;A01420;1
BUTY NORDICA SPEEDMACHINE 110 rozm27 /2024 //07;A01421;1
BUTY NORDICA SPEEDMACHINE 110 rozm27 /2024 //08;A01422;1
BUTY NORDICA SPEEDMACHINE 110 rozm27 /2024 //09;A01423;1
BUTY NORDICA SPEEDMACHINE 110 rozm27 /2024 //10;A01426;1
BUTY NORDICA SPEEDMACHINE 110 rozm27 /2024 //11;A01427;1
BUTY NORDICA SPEEDMACHINE 110 rozm27 /2024 //12;A01425;1
BUTY K2 RECON BOA 110 rozm27 /2025 //01;BO91;1
BUTY K2 RECON BOA 110 rozm27 /2025 //02;DJ08;1
BUTY SALOMON S/PRO SUPRA 110 R BOA rozm27 /2024 //01;A01303;1
BUTY SALOMON S/PRO ALPHA 110 rozm27 /2025 //01;A01302;1
BUTY SALOMON QUEST ACCESS 80 rozm28 /2024 //01;A01250;1
BUTY SALOMON QUEST ACCESS 80 rozm28 /2024 //02;A01251;1
BUTY SALOMON QUEST ACCESS 80 rozm28 /2024 //03;A01252;1
BUTY SALOMON QUEST ACCESS 80 rozm28 /2024 //04;A01253;1
BUTY SALOMON QUEST ACCESS 80 rozm28 /2024 //05;A01254;1
BUTY NORDICA SPORTMACHINE 3 90 R rozm28 /2025 //01;BN50;1
BUTY NORDICA SPORTMACHINE 3 90 R rozm28 /2025 //02;BN53;1
BUTY NORDICA SPORTMACHINE 3 90 R rozm28 /2025 //03;BN54;1
BUTY NORDICA SPORTMACHINE 3 90 R rozm28 /2025 //04;BN61;1
BUTY NORDICA SPORTMACHINE 3 90 R rozm28 /2025 //05;A01356;1
BUTY NORDICA SPORTMACHINE 3 90 R rozm28 /2025 //06;A01357;1
BUTY NORDICA SPORTMACHINE 3 90 R rozm28 /2025 //07;A01358;1
BUTY NORDICA SPORTMACHINE 3 90 R rozm28 /2025 //08;A01359;1
BUTY NORDICA SPORTMACHINE 3 90 R rozm28 /2025 //09;A01360;1
BUTY NORDICA SPORTMACHINE 3 90 R rozm28 /2025 //10;A01213;1
BUTY NORDICA SPORTMACHINE 3 90 R rozm28 /2025 //11;A01214;1
BUTY NORDICA SPORTMACHINE 3 90 R rozm28 /2025 //12;A01215;1
BUTY NORDICA SPORTMACHINE 3 90 R rozm28 /2025 //13;A01216;1
BUTY NORDICA SPORTMACHINE 3 90 R rozm28 /2025 //14;A01235;1
BUTY NORDICA SPORTMACHINE 3 90 R rozm28 /2025 //15;A01236;1
BUTY NORDICA SPORTMACHINE 3 90 R rozm28 /2025 //16;EA47912;1
BUTY NORDICA SPORTMACHINE 3 90 R rozm28 /2025 //17;A01238;1
BUTY NORDICA SPORTMACHINE 3 90 R rozm28 /2025 //18;A01239;1
BUTY ATOMIC HAWX PRIME 90 rozm28 /2025 //01;A01260;1
BUTY ATOMIC HAWX PRIME 90 rozm28 /2025 //02;A01259;1
BUTY HEAD EDGE LYT 9 R rozm28 /2025 //01;FL71;1
BUTY HEAD EDGE LYT 9 R rozm28 /2025 //02;BO71;1
BUTY HEAD EDGE LYT 9 R rozm28 /2025 //03;062597;1
BUTY HEAD EDGE LYT 9 R rozm28 /2025 //04;BO81;1
BUTY HEAD EDGE LYT 9 R rozm28 /2025 //05;FL70;1
BUTY HEAD EDGE LYT 9 R rozm28 /2025 //06;BO83;1
BUTY HEAD EDGE LYT 9 R rozm28 /2025 //07;BO72;1
BUTY HEAD EDGE LYT 9 R rozm28 /2025 //08;BO78;1
BUTY HEAD EDGE LYT 9 R rozm28 /2025 //09;A01355;1
BUTY HEAD EDGE LYT 9 R rozm28 /2025 //10;BO80;1
BUTY TECNICA MACH SPORT MV 90 rozm28 /2024 //01;A01258;1
BUTY TECNICA MACH SPORT MV 90 rozm28 /2024 //02;A01256;1
BUTY ATOMIC HAWX PRIME PRO 100 rozm28 /2024 //01;A01257;1
BUTY SALOMON S/PRO R 110 MV rozm28 /2024 //01;A01255;1
BUTY K2 RECON BOA 110 rozm28 /2025 //01;FN10;1
BUTY K2 RECON BOA 110 rozm28 /2025 //02;BP11;1
BUTY SALOMON S/PRO ALPHA 110 rozm28 /2025 //01;A01261;1
BUTY NORDICA SPEEDMACHINE 110 rozm28 /2024 //01;A01240;1
BUTY NORDICA SPEEDMACHINE 110 rozm28 /2024 //02;A01241;1
BUTY NORDICA SPEEDMACHINE 110 rozm28 /2024 //03;A01242;1
BUTY NORDICA SPEEDMACHINE 110 rozm28 /2024 //04;A01243;1
BUTY NORDICA SPEEDMACHINE 110 rozm28 /2024 //05;A01244;1
BUTY NORDICA SPEEDMACHINE 110 rozm28 /2024 //06;A01245;1
BUTY NORDICA SPEEDMACHINE 110 rozm28 /2024 //07;A01246;1
BUTY NORDICA SPEEDMACHINE 110 rozm28 /2024 //08;A01247;1
BUTY NORDICA SPEEDMACHINE 110 rozm28 /2024 //09;A01248;1
BUTY NORDICA SPEEDMACHINE 110 rozm28 /2024 //10;A01249;1
BUTY SALOMON QUEST ACCESS 80 rozm29 /2024 //01;B3762;1
BUTY SALOMON QUEST ACCESS 80 rozm29 /2024 //02;B3792;1
BUTY SALOMON QUEST ACCESS 80 rozm29 /2024 //03;B3760;1
BUTY SALOMON QUEST ACCESS 80 rozm29 /2024 //04;B3793;1
BUTY SALOMON QUEST ACCESS 80 rozm29 /2024 //05;B3786;1
BUTY HEAD EDGE LYT 9 R rozm29 /2025 //01;BO85;1
BUTY HEAD EDGE LYT 9 R rozm29 /2025 //02;FM92;1
BUTY HEAD EDGE LYT 9 R rozm29 /2025 //03;FM94;1
BUTY HEAD EDGE LYT 9 R rozm29 /2025 //04;BO74;1
BUTY HEAD EDGE LYT 9 R rozm29 /2025 //05;BO86;1
BUTY HEAD EDGE LYT 9 R rozm29 /2025 //06;BO76;1
BUTY HEAD EDGE LYT 9 R rozm29 /2025 //07;BO87;1
BUTY HEAD EDGE LYT 9 R rozm29 /2025 //08;BO88;1
BUTY NORDICA SPORTMACHINE 3 90 R rozm29 /2024 //01;A01262;1
BUTY NORDICA SPORTMACHINE 3 90 R rozm29 /2024 //02;A01263;1
BUTY NORDICA SPORTMACHINE 3 90 R rozm29 /2024 //03;A01264;1
BUTY NORDICA SPORTMACHINE 3 90 R rozm29 /2024 //04;A01265;1
BUTY NORDICA SPORTMACHINE 3 90 R rozm29 /2024 //05;A01266;1
BUTY NORDICA SPORTMACHINE 3 90 R rozm29 /2024 //06;A01267;1
BUTY NORDICA SPORTMACHINE 3 90 R rozm29 /2024 //07;A01268;1
BUTY NORDICA SPORTMACHINE 3 90 R rozm29 /2024 //08;A01269;1
BUTY NORDICA SPORTMACHINE 3 90 R rozm29 /2024 //09;A01270;1
BUTY NORDICA SPORTMACHINE 3 90 R rozm29 /2024 //10;A01433;1
BUTY NORDICA SPORTMACHINE 3 90 R rozm29 /2024 //11;A01434;1
BUTY NORDICA SPORTMACHINE 3 90 R rozm29 /2024 //12;A01435;1
BUTY NORDICA SPORTMACHINE 3 90 R rozm29 /2024 //13;A01436;1
BUTY NORDICA SPORTMACHINE 3 90 R rozm29 /2024 //14;A01437;1
BUTY NORDICA SPORTMACHINE 3 90 R rozm29 /2024 //15;A01438;1
BUTY NORDICA SPORTMACHINE 3 90 R rozm29 /2024 //16;A01439;1
BUTY ATOMIC HAWX MAGNA 110 S rozm29 /2024 //01;A01445;1
BUTY K2 RECON BOA 110 rozm29 /2025 //01;FN12;1
BUTY NORDICA SPEEDMACHINE 110 rozm29 /2024  //01;A01440;1
BUTY NORDICA SPEEDMACHINE 110 rozm29 /2024  //02;A01441;1
BUTY NORDICA SPEEDMACHINE 110 rozm29 /2024  //03;A01442;1
BUTY NORDICA SPEEDMACHINE 110 rozm29 /2024  //04;A01443;1
BUTY NORDICA SPEEDMACHINE 110 rozm29 /2024  //05;A01444;1
BUTY SALOMON QUEST ACCESS 80 rozm30 /2024 //01;B3811;1
BUTY SALOMON QUEST ACCESS 80 rozm30 /2024 //02;B3795;1
BUTY HEAD EDGE LYT 9 R rozm30 /2025 //01;FM62;1
BUTY HEAD EDGE LYT 9 R rozm30 /2025 //02;BO12;1
BUTY NORDICA SPORTMACHINE 3 90 R rozm30 /2024 //01;058058;1
BUTY NORDICA SPORTMACHINE 3 90 R rozm30 /2024 //02;EA68454;1
BUTY NORDICA SPORTMACHINE 3 90 R rozm30 /2024 //03;A01296;1
BUTY NORDICA SPORTMACHINE 3 90 R rozm30 /2024 //04;058056;1
BUTY NORDICA SPORTMACHINE 3 90 R rozm30 /2024 //05;A01297;1
BUTY NORDICA SPEEDMACHINE 110 rozm30 /2024 //01;A01446;1
BUTY NORDICA SPEEDMACHINE 110 rozm30 /2024 //02;A01447;1
BUTY NORDICA SPEEDMACHINE 110 rozm30 /2024 //03;A01448;1
BUTY NORDICA SPEEDMACHINE 110 rozm30 /2024 //04;A01449;1
BUTY NORDICA SPEEDMACHINE 110 rozm30 /2024 //05;A01450;1
BUTY SALOMON QUEST ACCESS 80 rozm31 /2024 //01;B3820;1
BUTY ATOMIC HAWX PRIME PRO 100 rozm31 /2024 //01;A3881;1
BUTY NORDICA SPORTMACHINE 3 100 R rozm31 /2024 //01;A01299;1
BUTY NORDICA SPEEDMACHINE 3 110 R rozm31 /2024 //01;A01298;1
BUTY SALOMON T1 RT JR rozm15 /2024 //01;B4277;1
BUTY SALOMON T1 RT JR rozm15 /2024 //02;B4284;1
BUTY SALOMON T1 RT JR rozm15 /2024 //03;B4276;1
BUTY SALOMON T1 RT JR rozm16 /2024 //01;B4259;1
BUTY SALOMON T1 RT JR rozm16 /2024 //02;B4249;1
BUTY SALOMON T1 RT JR rozm16 /2024 //03;B4268;1
BUTY SALOMON T1 RT JR rozm16 /2024 //04;B4274;1
BUTY SALOMON T1 RT JR rozm16 /2024 //05;A01361;1
BUTY SALOMON T1 RT JR rozm16 /2024 //06;B4271;1
BUTY SALOMON T1 RT JR rozm17 /2024 //01;B4298;1
BUTY SALOMON T1 RT JR rozm17 /2024 //02;B4291;1
BUTY SALOMON T1 RT JR rozm17 /2024 //03;B4302;1
BUTY SALOMON T1 RT JR rozm17 /2024 //04;B3854;1
BUTY SALOMON T1 RT JR rozm17 /2024 //05;B4290;1
BUTY SALOMON T1 RT JR rozm17 /2024 //06;A01362;1
BUTY SALOMON T1 RT JR rozm17 /2024 //07;B3852;1
BUTY SALOMON T1 RT JR rozm17 /2024 //08;B4295;1
BUTY SALOMON T1 RT JR rozm17 /2024 //09;B4293;1
BUTY SALOMON T1 RT JR rozm17 /2024 //10;B4289;1
BUTY SALOMON T1 RT JR rozm17 /2024 //11;A01363;1
BUTY SALOMON T1 RT JR rozm17 /2024 //12;B4281;1
BUTY SALOMON T2 RT JR rozm18 /2024 //01;B3857;1
BUTY SALOMON T2 RT JR rozm18 /2024 //02;B4303;1
BUTY SALOMON T2 RT JR rozm18 /2024 //03;B3859;1
BUTY SALOMON T2 RT JR rozm18 /2024 //04;B4325;1
BUTY SALOMON T2 RT JR rozm18 /2024 //05;B4322;1
BUTY SALOMON T2 RT JR rozm18 /2024 //06;B4324;1
BUTY SALOMON T2 RT JR rozm18 /2024 //07;B4312;1
BUTY SALOMON T2 RT JR rozm18 /2024 //08;B4315;1
BUTY SALOMON T2 RT JR rozm18 /2024 //09;B4323;1
BUTY SALOMON T2 RT JR rozm18 /2024 //10;B3858;1
BUTY DALBELLO CX1 JR rozm18 //01;627888;1
BUTY DALBELLO CX1 JR rozm18 //02;A01365;1
BUTY DALBELLO CX1 JR rozm18 //03;0521254;1
BUTY DALBELLO CX1 JR rozm18 //04;627884;1
BUTY DALBELLO CX1 JR rozm18 //05;627885;1
BUTY DALBELLO CX1 JR rozm18 //06;627886;1
BUTY DALBELLO CX1 JR rozm18 //07;627887;1
BUTY DALBELLO CX1 JR rozm18 //08;0521122;1
BUTY SALOMON T2 RT JR rozm19 /2024 //01;B4346;1
BUTY SALOMON T2 RT JR rozm19 /2024 //02;B4345;1
BUTY SALOMON T2 RT JR rozm19 /2024 //03;A01541;1
BUTY SALOMON T2 RT JR rozm19 /2024 //04;A01542;1
BUTY SALOMON T2 RT JR rozm19 /2024 //05;B4362;1
BUTY SALOMON T2 RT JR rozm19 /2024 //06;B4343;1
BUTY SALOMON T2 RT JR rozm19 /2024 //07;B4335;1
BUTY SALOMON T2 RT JR rozm19 /2024 //08;B4342;1
BUTY SALOMON T2 RT JR rozm19 /2024 //09;B3868;1
BUTY SALOMON T2 RT JR rozm19 /2024 //10;B4332;1
BUTY DALBELLO CX2 JR rozm19 //01;627896;1
BUTY DALBELLO CX2 JR rozm19 //02;627897;1
BUTY DALBELLO CX2 JR rozm19 //03;627898;1
BUTY DALBELLO CX2 JR rozm19 //04;627899;1
BUTY DALBELLO CX2 JR rozm19 //05;627900;1
BUTY DALBELLO CX2 JR rozm19 //06;627901;1
BUTY DALBELLO CX2 JR rozm19 //07;627902;1
BUTY DALBELLO CX2 JR rozm19 //08;627903;1
BUTY DALBELLO CX2 JR rozm19 //09;627904;1
BUTY DALBELLO CX2 JR rozm19 //10;627905;1
BUTY DALBELLO CX2 JR rozm19 //11;0518313;1
BUTY DALBELLO CX2 JR rozm19 //12;0518438;1
BUTY DALBELLO CX2 JR rozm19 //13;0533125;1
BUTY DALBELLO CX2 JR rozm19 //14;0536781;1
BUTY DALBELLO CX2 JR rozm19 //15;0533347;1
BUTY DALBELLO CX2 JR rozm19 //16;0536787;1
BUTY DALBELLO CX2 JR rozm19 //17;0522850;1
BUTY DALBELLO CX2 JR rozm19 //18;0533408;1
BUTY DALBELLO CX2 JR rozm19 //19;0518456;1
BUTY DALBELLO CX2 JR rozm19 //20;A01543;1
BUTY SALOMON T2 RT JR rozm20 /2024 //01;B3876;1
BUTY SALOMON T2 RT JR rozm20 /2024 //02;B4873;1
BUTY SALOMON T2 RT JR rozm20 /2024 //03;B3872;1
BUTY SALOMON T2 RT JR rozm20 /2024 //04;B3875;1
BUTY SALOMON T2 RT JR rozm20 /2024 //05;B4372;1
BUTY SALOMON T2 RT JR rozm20 /2024 //06;B4875;1
BUTY SALOMON T2 RT JR rozm20 /2024 //07;B4382;1
BUTY SALOMON T2 RT JR rozm20 /2024 //08;B4872;1
BUTY SALOMON T2 RT JR rozm20 /2024 //09;B3874;1
BUTY SALOMON T2 RT JR rozm20 /2024 //10;B3871;1
BUTY DALBELLO CX2 JR rozm 20 //01;627916;1
BUTY DALBELLO CX2 JR rozm 20 //02;627917;1
BUTY DALBELLO CX2 JR rozm 20 //03;A01544;1
BUTY DALBELLO CX2 JR rozm 20 //04;627919;1
BUTY DALBELLO CX2 JR rozm 20 //05;627920;1
BUTY DALBELLO CX2 JR rozm 20 //06;627921;1
BUTY DALBELLO CX2 JR rozm 20 //07;A00550;1
BUTY DALBELLO CX2 JR rozm 20 //08;627923;1
BUTY DALBELLO CX2 JR rozm 20 //09;A01545;1
BUTY DALBELLO CX2 JR rozm 20 //10;A00857;1
BUTY SALOMON T2 JR rozm20 /2023 //01;A01546;1
BUTY SALOMON T2 JR rozm20 /2023 //02;A00078;1
BUTY SALOMON T2 JR rozm20 /2023 //03;7184;1
BUTY SALOMON T2 JR rozm20 /2023 //04;7191;1
BUTY SALOMON T2 JR rozm20 /2023 //05;7153;1
BUTY SALOMON T2 JR rozm20 /2023 //06;7171;1
BUTY SALOMON T2 JR rozm20 /2023 //07;7146;1
BUTY SALOMON T2 JR rozm20 /2023 //08;7167;1
BUTY SALOMON T2 JR rozm20 /2023 //09;7174;1
BUTY SALOMON T2 JR rozm20 /2023 //10;7194;1
BUTY SALOMON T2 RT JR rozm21 /2024 //01;B3889;1
BUTY SALOMON T2 RT JR rozm21 /2024 //02;B4884;1
BUTY SALOMON T2 RT JR rozm21 /2024 //03;B4399;1
BUTY SALOMON T2 RT JR rozm21 /2024 //04;B4894;1
BUTY SALOMON T2 RT JR rozm21 /2024 //05;B4440;1
BUTY SALOMON T2 RT JR rozm21 /2024 //06;B3880;1
BUTY SALOMON T2 RT JR rozm21 /2024 //07;A01547;1
BUTY SALOMON T2 RT JR rozm21 /2024 //08;A01548;1
BUTY SALOMON T2 RT JR rozm21 /2024 //09;A01549;1
BUTY SALOMON T2 RT JR rozm21 /2024 //10;A01550;1
BUTY SALOMON T2 RT JR rozm21 /2024 //11;B4897;1
BUTY SALOMON T2 RT JR rozm21 /2024 //12;B4414;1
BUTY SALOMON T2 RT JR rozm21 /2024 //13;A01551;1
BUTY SALOMON T2 RT JR rozm21 /2024 //14;A01552;1
BUTY SALOMON T2 RT JR rozm21 /2024 //15;A01553;1
BUTY SALOMON T2 RT JR rozm21 /2024 //16;A01555;1
BUTY SALOMON T2 RT JR rozm21 /2024 //17;A01556;1
BUTY SALOMON T2 RT JR rozm21 /2024 //18;A01557;1
BUTY SALOMON T2 RT JR rozm21 /2024 //19;A01558;1
BUTY SALOMON T2 RT JR rozm21 /2024 //20;A01703;1
BUTY SALOMON T2 RT JR rozm21 /2024 //21;A01704;1
BUTY SALOMON T2 RT JR rozm21 /2024 //22;A01705;1
BUTY NORDICA SPEEDMACHINE J4 JR rozm21 /2023 //01;58104;1
BUTY NORDICA SPEEDMACHINE J4 JR rozm21 /2023 //02;50533;1
BUTY NORDICA SPEEDMACHINE J4 JR rozm21 /2023 //03;50532;1
BUTY NORDICA SPEEDMACHINE J4 JR rozm21 /2023 //04;39417;1
BUTY NORDICA SPEEDMACHINE J4 JR rozm21 /2023 //05;57040;1
BUTY DALBELLO CX 2,0 rozm21 //01;A01706;1
BUTY DALBELLO CX 2,0 rozm21 //02;A01707;1
BUTY DALBELLO CX 2,0 rozm21 //03;A01708;1
BUTY DALBELLO CX 2,0 rozm21 //04;A01709;1
BUTY DALBELLO CX 2,0 rozm21 //05;A01710;1
BUTY DALBELLO CX 2,0 rozm21 //06;A01711;1
BUTY DALBELLO CX 2,0 rozm21 //07;A01712;1
BUTY DALBELLO CX 2,0 rozm21 //08;A01713;1
BUTY DALBELLO CX 2,0 rozm21 //09;A01714;1
BUTY DALBELLO CX 2,0 rozm21 //10;A01715;1
BUTY DALBELLO CX 2,0 rozm21 //11;A01716;1
BUTY DALBELLO CX 2,0 rozm21 //12;A01717;1
BUTY DALBELLO CX 2,0 rozm21 //13;A01718;1
BUTY DALBELLO CX 2,0 rozm21 //14;A01719;1
BUTY DALBELLO CX 2,0 rozm21 //15;A01720;1
BUTY SALOMON T4 RT JR rozm22 /2024 //01;A01667;1
BUTY SALOMON T4 RT JR rozm22 /2024 //02;B4900;1
BUTY SALOMON T4 RT JR rozm22 /2024 //03;B4482;1
BUTY SALOMON T4 RT JR rozm22 /2024 //04;B4497;1
BUTY SALOMON T4 RT JR rozm22 /2024 //05;B4481;1
BUTY SALOMON T4 RT JR rozm22 /2024 //06;A01668;1
BUTY SALOMON T4 RT JR rozm22 /2024 //07;A01669;1
BUTY SALOMON T4 RT JR rozm22 /2024 //08;A01670;1
BUTY SALOMON T4 RT JR rozm22 /2024 //09;A01671;1
BUTY SALOMON T4 RT JR rozm22 /2024 //10;A01672;1
BUTY SALOMON T4 RT JR rozm22 /2024 //11;A01673;1
BUTY SALOMON T4 RT JR rozm22 /2024 //12;A01674;1
BUTY SALOMON T4 RT JR rozm22 /2024 //13;A01675;1
BUTY SALOMON T4 RT JR rozm22 /2024 //14;A01676;1
BUTY SALOMON T4 RT JR rozm22 /2024 //15;A01677;1
BUTY SALOMON T4 RT JR rozm22 /2024 //16;A01678;1
BUTY SALOMON T4 RT JR rozm22 /2024 //17;A01679;1
BUTY SALOMON T4 RT JR rozm22 /2024 //18;A01680;1
BUTY SALOMON T4 RT JR rozm22 /2024 //19;B4901;1
BUTY SALOMON T4 RT JR rozm22 /2024 //20;B4904;1
BUTY SALOMON T4 RT JR rozm22 /2024 //21;B4465;1
BUTY SALOMON T4 RT JR rozm22 /2024 //22;B4492;1
BUTY SALOMON T4 RT JR rozm22 /2024 //23;B4491;1
BUTY SALOMON T4 RT JR rozm22 /2024 //24;B4477;1
BUTY SALOMON T4 RT JR rozm22 /2024 //25;B4467;1
BUTY SALOMON T4 RT JR rozm22 /2024 //26;B4502;1
BUTY SALOMON T4 RT JR rozm22 /2024 //27;A01681;1
BUTY SALOMON T4 RT JR rozm22 /2024 //28;B4910;1
BUTY SALOMON T4 RT JR rozm22 /2024 //29;B4918;1
BUTY SALOMON T4 RT JR rozm22 /2024 //30;B4458;1
BUTY SALOMON T4 RT JR rozm22 /2024 //31;B4514;1
BUTY SALOMON T4 RT JR rozm22 /2024 //32;A01682;1
BUTY SALOMON T4 RT JR rozm22 /2024 //33;B4505;1
BUTY SALOMON T4 RT JR rozm22 /2024 //34;B4511;1
BUTY SALOMON T4 RT JR rozm22 /2024 //35;B4449;1
BUTY SALOMON T4 RT JR rozm22 /2024 //36;B4501;1
BUTY SALOMON T4 RT JR rozm22 /2024 //37;B4459;1
BUTY SALOMON T4 RT JR rozm22 /2024 //38;B4499;1
BUTY DALBELLO CX2 JR rozm 22 //01;A01683;1
BUTY DALBELLO CX2 JR rozm 22 //02;A01684;1
BUTY DALBELLO CX2 JR rozm 22 //03;A01685;1
BUTY DALBELLO CX2 JR rozm 22 //04;627947;1
BUTY DALBELLO CX2 JR rozm 22 //05;627948;1
BUTY DALBELLO CX2 JR rozm 22 //06;A01686;1
BUTY DALBELLO CX2 JR rozm 22 //07;A01687;1
BUTY DALBELLO CX2 JR rozm 22 //08;A01688;1
BUTY DALBELLO CX2 JR rozm 22 //09;A01689;1
BUTY DALBELLO CX2 JR rozm 22 //10;627953;1
BUTY SALOMON T4 RT JR rozm23 /2024 //01;B3904;1
BUTY SALOMON T4 RT JR rozm23 /2024 //02;B4558;1
BUTY SALOMON T4 RT JR rozm23 /2024 //03;B4541;1
BUTY SALOMON T4 RT JR rozm23 /2024 //04;B4927;1
BUTY SALOMON T4 RT JR rozm23 /2024 //05;B4550;1
BUTY SALOMON T4 RT JR rozm23 /2024 //06;B4926;1
BUTY SALOMON T4 RT JR rozm23 /2024 //07;A01640;1
BUTY SALOMON T4 RT JR rozm23 /2024 //08;A01641;1
BUTY SALOMON T4 RT JR rozm23 /2024 //09;A01642;1
BUTY SALOMON T4 RT JR rozm23 /2024 //10;B4533;1
BUTY SALOMON T4 RT JR rozm23 /2024 //11;B4537;1
BUTY SALOMON T4 RT JR rozm23 /2024 //12;A01643;1
BUTY SALOMON T4 RT JR rozm23 /2024 //13;A01644;1
BUTY SALOMON T4 RT JR rozm23 /2024 //14;A01645;1
BUTY SALOMON T4 RT JR rozm23 /2024 //15;A01646;1
BUTY SALOMON T4 RT JR rozm23 /2024 //16;A01647;1
BUTY SALOMON T4 RT JR rozm23 /2024 //17;A01648;1
BUTY SALOMON T4 RT JR rozm23 /2024 //18;A01721;1
BUTY SALOMON T4 RT JR rozm23 /2024 //19;A01722;1
BUTY SALOMON T4 RT JR rozm23 /2024 //20;A01723;1
BUTY SALOMON T4 RT JR rozm23 /2024 //21;A01724;1
BUTY SALOMON T4 RT JR rozm23 /2024 //22;A01725;1
BUTY SALOMON T4 RT JR rozm23 /2024 //23;A01726;1
BUTY SALOMON T4 RT JR rozm23 /2024 //24;A01727;1
BUTY SALOMON T4 RT JR rozm23 /2024 //25;A01728;1
BUTY SALOMON T4 RT JR rozm23 /2024 //26;A01729;1
BUTY SALOMON T4 RT JR rozm23 /2024 //27;A01730;1
BUTY SALOMON T4 RT JR rozm23 /2024 //28;A01731;1
BUTY SALOMON T4 RT JR rozm23 /2024 //29;A01732;1
BUTY SALOMON T4 RT JR rozm23 /2024 //30;A01733;1
BUTY SALOMON T4 RT JR rozm23 /2024 //31;B4928;1
BUTY SALOMON T4 RT JR rozm23 /2024 //32;B4553;1
BUTY SALOMON T4 RT JR rozm23 /2024 //33;A01734;1
BUTY SALOMON T4 RT JR rozm23 /2024 //34;B4535;1
BUTY SALOMON T4 RT JR rozm23 /2024 //35;B4932;1
BUTY SALOMON T4 RT JR rozm23 /2024 //36;B4579;1
BUTY SALOMON T4 RT JR rozm23 /2024 //37;B4584;1
BUTY SALOMON T4 RT JR rozm23 /2024 //38;B4933;1
BUTY DALBELLO CXR 4.0 JR rozm 23 //01;D174508;1
BUTY DALBELLO CXR 4.0 JR rozm 23 //02;D174536;1
BUTY DALBELLO CXR 4.0 JR rozm 23 //03;D174509;1
BUTY DALBELLO FXR 3.0 JR rozm 23 //01;D367355;1
BUTY DALBELLO FXR 3.0 JR rozm 23 //02;D367358;1
BUTY DALBELLO FXR 3.0 JR rozm 23 //03;D367352;1
BUTY DALBELLO FXR 3.0 JR rozm 23 //04;D367347;1
BUTY DALBELLO FXR 3.0 JR rozm 23 //05;D367327;1
BUTY SALOMON T4 RT JR rozm24 /2024 //01;A01690;1
BUTY SALOMON T4 RT JR rozm24 /2024 //02;A01691;1
BUTY SALOMON T4 RT JR rozm24 /2024 //03;B4598;1
BUTY SALOMON T4 RT JR rozm24 /2024 //04;B4632;1
BUTY SALOMON T4 RT JR rozm24 /2024 //05;B4592;1
BUTY SALOMON T4 RT JR rozm24 /2024 //06;B4646;1
BUTY SALOMON T4 RT JR rozm24 /2024 //07;A01692;1
BUTY SALOMON T4 RT JR rozm24 /2024 //08;B4653;1
BUTY SALOMON T4 RT JR rozm24 /2024 //09;B4649;1
BUTY SALOMON T4 RT JR rozm24 /2024 //10;A01693;1
BUTY SALOMON T4 RT JR rozm24 /2024 //11;B4951;1
BUTY SALOMON T4 RT JR rozm24 /2024 //12;B4939;1
BUTY SALOMON T4 RT JR rozm24 /2024 //13;A01694;1
BUTY SALOMON T4 RT JR rozm24 /2024 //14;A01695;1
BUTY SALOMON T4 RT JR rozm24 /2024 //15;A01696;1
BUTY SALOMON T4 RT JR rozm24 /2024 //16;A01697;1
BUTY SALOMON T4 RT JR rozm24 /2024 //17;A01698;1
BUTY SALOMON T4 RT JR rozm24 /2024 //18;A01699;1
BUTY SALOMON T4 RT JR rozm24 /2024 //19;A01700;1
BUTY SALOMON T4 RT JR rozm24 /2024 //20;A01701;1
BUTY SALOMON T4 RT JR rozm24 /2024 //21;A01702;1
BUTY SALOMON T4 RT JR rozm24 /2024 //22;A01649;1
BUTY SALOMON T4 RT JR rozm24 /2024 //23;A01650;1
BUTY SALOMON T4 RT JR rozm24 /2024 //24;A01651;1
BUTY SALOMON T4 RT JR rozm24 /2024 //25;A01652;1
BUTY SALOMON T4 RT JR rozm24 /2024 //26;A01653;1
BUTY SALOMON T4 RT JR rozm24 /2024 //27;A01654;1
BUTY SALOMON T4 RT JR rozm24 /2024 //28;A01655;1
BUTY SALOMON T4 RT JR rozm24 /2024 //29;A01656;1
BUTY SALOMON T4 RT JR rozm24 /2024 //30;A01657;1
BUTY DALBELLO FXR 3.0 rozm 24 //01;D366887;1
BUTY DALBELLO FXR 3.0 rozm 24 //02;D372591;1
BUTY DALBELLO FXR 3.0 rozm 24 //03;D366874;1
BUTY DALBELLO FXR 3.0 rozm 24 //04;D366888;1
BUTY DALBELLO FXR 3.0 rozm 24 //05;D366873;1
BUTY DALBELLO FXR 3.0 rozm 24 //06;D366883;1
BUTY DALBELLO FXR 3.0 rozm 24 //07;D372600;1
BUTY DALBELLO FXR 3.0 rozm 24 //08;D366890;1
BUTY DALBELLO FXR 3.0 rozm 24 //09;D366892;1
BUTY DALBELLO FXR 3.0 rozm 24 //10;D366893;1
BUTY DALBELLO FXR 3.0 rozm 24 //11;D372593;1
BUTY DALBELLO FXR 3.0 rozm 24 //12;D423512;1
BUTY DALBELLO FXR 3.0 rozm 24 //13;D423517;1
BUTY DALBELLO FXR 3.0 rozm 24 //14;D423524;1
BUTY DALBELLO FXR 3.0 rozm 24 //15;D423515;1
BUTY DALBELLO FXR 3.0 rozm 24 //16;D366863;1
BUTY DALBELLO FXR 3.0 rozm 24 //17;DE66869;1
BUTY DALBELLO FXR 3.0 rozm 25 //01;D372429;1
BUTY DALBELLO FXR 3.0 rozm 25 //02;D372464;1
BUTY DALBELLO FXR 3.0 rozm 25 //03;D372459;1
BUTY DALBELLO FXR 3.0 rozm 25 //04;D372428;1
BUTY DALBELLO FXR 3.0 rozm 25 //05;D372456;1
BUTY DALBELLO FXR 3.0 rozm 25 //06;D372430;1
BUTY DALBELLO FXR 3.0 rozm 25 //07;D372440;1
BUTY DALBELLO FXR 3.0 rozm 25 //08;D372439;1
BUTY DALBELLO FXR 3.0 rozm 25 //09;D372441;1
BUTY DALBELLO FXR 3.0 rozm 25 //10;D372448;1
BUTY DALBELLO FXR 3.0 rozm 25 //11;D372433;1
BUTY DALBELLO FXR 3.0 rozm 25 //12;D372449;1
BUTY DALBELLO FXR 3.0 rozm 25 //13;D372438;1
BUTY DALBELLO FXR 3.0 rozm 25 //14;D372426;1
BUTY DALBELLO FXR 3.0 rozm 25 //15;D372475;1
BUTY DALBELLO FXR 3.0 rozm 25 //16;D372463;1
BUTY DALBELLO FXR 3.0 rozm 25 //17;D372436;1
BUTY DALBELLO FXR 3.0 rozm 25 //18;D424526;1
BUTY DALBELLO FXR 3.0 rozm 25 //19;D424507;1
BUTY DALBELLO FXR 3.0 rozm 25 //20;D424512;1
BUTY SALOMON T4 RT JR rozm25 /2024 //01;A01658;1
BUTY SALOMON T4 RT JR rozm25 /2024 //02;A01659;1
BUTY SALOMON T4 RT JR rozm25 /2024 //03;A01660;1
BUTY SALOMON T4 RT JR rozm25 /2024 //04;A01661;1
BUTY SALOMON T4 RT JR rozm25 /2024 //05;A01662;1
BUTY SALOMON T4 RT JR rozm25 /2024 //06;A01663;1
BUTY SALOMON T4 RT JR rozm25 /2024 //07;A01664;1
BUTY SALOMON T4 RT JR rozm25 /2024 //08;A01665;1
BUTY SALOMON T4 RT JR rozm25 /2024 //09;A01666;1
BUTY SALOMON T4 RT JR rozm25 /2024 //10;A01631;1
BUTY SALOMON T4 RT JR rozm25 /2024 //11;A01632;1
BUTY SALOMON T4 RT JR rozm25 /2024 //12;A01633;1
BUTY SALOMON T4 RT JR rozm25 /2024 //13;A01634;1
BUTY SALOMON T4 RT JR rozm25 /2024 //14;A01635;1
BUTY SALOMON T4 RT JR rozm25 /2024 //15;A01636;1
BUTY SALOMON T4 RT JR rozm25 /2024 //16;A01637;1
BUTY SALOMON T4 RT JR rozm25 /2024 //17;A01638;1
BUTY SALOMON T4 RT JR rozm25 /2024 //18;A01639;1
BUTY DALBELLO FXR 3.0 rozm 26 //01;D358925;1
BUTY DALBELLO FXR 3.0 rozm 26 //02;D359086;1
BUTY DALBELLO FXR 3.0 rozm 26 //03;D359056;1
BUTY DALBELLO FXR 3.0 rozm 26 //04;D359072;1
BUTY DALBELLO FXR 3.0 rozm 26 //05;D359091;1
BUTY DALBELLO FXR 3.0 rozm 26 //06;D359078;1
BUTY DALBELLO FXR 3.0 rozm 26 //07;D359094;1
BUTY DALBELLO FXR 3.0 rozm 26 //08;D359093;1
BUTY DALBELLO FXR 3.0 rozm 26 //09;D359080;1
BUTY DALBELLO FXR 3.0 rozm 26 //10;D359068;1
BUTY DALBELLO FXR 3.0 rozm 26 //11;D359087;1
BUTY DALBELLO FXR 3.0 rozm 26 //12;D358921;1
BUTY HEAD KORE 60 JR rozm27 /2025 //01;A00264;1
BUTY HEAD KORE 60 JR rozm27 /2025 //02;A00265;1
BUTY HEAD KORE 60 JR rozm27 /2025 //03;A00266;1
DESKA SNOWBOARDOWA HEAD FLOCKA LFW 4D 120cm //01;065692;1
DESKA SNOWBOARDOWA HEAD FLOCKA LFW 4D 120cm //02;035632;1
DESKA SNOWBOARDOWA HEAD FLOCKA LFW 4D 130cm //01;035641;1
DESKA SNOWBOARDOWA FLOW RHYTHM 130cm //01;634217;1
DESKA SNOWBOARDOWA FLOW RHYTHM 130cm //02;634130;1
DESKA SNOWBOARDOWA HEAD FLOCKA LFW 4D 140cm //01;634132;1
DESKA SNOWBOARDOWA HEAD FLOCKA LFW 4D 140cm //02;036425;1
SNOWBOARD HEAD FLOCKA LFW 140cm /2018 //002;634210;1
DESKA NOWA SNOWB. HEAD PRIDE 2.0 AQUA 142cm /2025 //01;A01751;1
DESKA NOWA SNOWB. HEAD PRIDE 2.0 AQUA 142cm /2025 //02;A01752;1
DESKA SNOWBOARDOWA HEAD FLOCKA 142cm /2024 //01;BG35;1
DESKA SNOWBOARDOWA HEAD FLOCKA 142cm /2025 //02;EK12;1
DESKA SNOWBOARDOWA HEAD FLOCKA 142cm /2025 //03;BL28;1
DESKA SNOWBOARDOWA HEAD FLOCKA 142cm /2025 //04;BL29;1
DESKA SNOWBOARDOWA HEAD FLOCKA 146cm /2025 //01;BL30;1
DESKA SNOWBOARDOWA HEAD FLOCKA 146cm /2025 //02;FK46;1
DESKA SNOWBOARDOWA HEAD FLOCKA 146cm /2025 //03;BL31;1
DESKA SNOWBOARDOWA HEAD FLOCKA 146cm /2025 //04;BL33;1
DESKA SNOWBOARDOWA HEAD FLOCKA 146cm /2025 //05;FK47;1
DESKA SNOWBOARDOWA HEAD FLOCKA 146cm /2025 //06;BL34;1
DESKA SNOWBOARDOWA HEAD FLOCKA 146cm /2025 //07;BL32;1
DESKA SNOWBOARDOWA HEAD FLOCKA 146cm /2025 //08;FK48;1
DESKA SNOWBOARDOWA HEAD FLOCKA 146cm /2025 //09;GJ30;1
DESKA NOWA SNOWB. HEAD FOUNTAIN 151cm /2025 //01;A01759;1
DESKA NOWA SNOWB. HEAD FOUNTAIN 151cm /2025 //02;A01760;1
DESKA NOWA SNOWB. HEAD FOUNTAIN 151cm /2025 //03;A01757;1
DESKA NOWA SNOWB. HEAD FOUNTAIN 151cm /2025 //04;A01758;1
DESKA NOWA SNOWB. HEAD TRUE 2.0 BLACK 151cm /2025 //01;A01755;1
DESKA NOWA SNOWB. HEAD TRUE 2.0 BLACK 151cm /2025 //02;A01756;1
DESKA SNOWBOARDOWA HEAD FLOCKA 151cm /2025 //01;EK18;1
DESKA SNOWBOARDOWA HEAD FLOCKA 151cm /2025 //02;EK17;1
DESKA SNOWBOARDOWA HEAD FLOCKA 151cm /2025 //03;FK50;1
DESKA SNOWBOARDOWA HEAD FLOCKA 151cm /2025 //04;BL35;1
DESKA SNOWBOARDOWA K2 EMBASSY 152cm /2025 //01;FK80;1
DESKA SNOWBOARDOWA K2 EMBASSY 152cm /2025 //02;DI20;1
DESKA SNOWBOARDOWA K2 EMBASSY 152cm /2025 //03;EK00;1
DESKA SNOWBOARD U¯YWANA NIDECKER RHYTHM 153cm //01;A01753;1
DESKA SNOWBOARD U¯YWANA NIDECKER RHYTHM 153cm //02;A01754;1
DESKA NOWA SNOWB. HEAD TRUE 2.0 BLACK 154cm /2025 //01;A01761;1
DESKA NOWA SNOWB. HEAD TRUE 2.0 BLACK 154cm /2025 //02;A01762;1
DESKA NOWA SNOWB. HEAD TRUE 2.0 BLACK 154cm /2025 //03;A01763;1
DESKA NOWA SNOWB. HEAD TRUE 2.0 ICE 154cm /2025 //01;A01764;1
DESKA NOWA SNOWB. HEAD TRUE 2.0 ICE 154cm /2025 //02;A01765;1
DESKA NOWA SNOWB. HEAD TRUE 2.0 ICE 154cm /2025 //03;A01766;1
DESKA NOWA SNOWB. HEAD TRUE 2.0 BLUE 154cm /2024 //01;A01767;1
DESKA NOWA SNOWB. HEAD TRUE 2.0 BLUE 154cm /2024 //02;A01768;1
DESKA SNOWBOARDOWA HEAD FLOCKA 154cm /2025 //01;BL39;1
DESKA SNOWBOARDOWA HEAD FLOCKA 154cm /2025 //02;FK53;1
DESKA SNOWBOARDOWA HEAD FLOCKA 154cm /2025 //03;CB72;1
DESKA SNOWBOARDOWA HEAD FLOCKA 154cm /2025 //04;FK55;1
DESKA SNOWBOARDOWA HEAD FLOCKA 154cm /2025 //05;FK52;1
DESKA SNOWBOARDOWA HEAD FLOCKA 154cm /2025 //06;FK54;1
DESKA SNOWBOARDOWA HEAD FLOCKA 154cm /2025 //07;BL38;1
DESKA SNOWBOARDOWA HEAD FLOCKA 154cm /2025 //08;BL37;1
DESKA SNOWBOARDOWA K2 EMBASSY 157cm /2025 //01;BL17;1
DESKA SNOWBOARDOWA K2 EMBASSY 157cm /2025 //02;FK37;1
DESKA SNOWBOARDOWA K2 EMBASSY 157cm /2025 //03;BL16;1
DESKA SNOWBOARDOWA K2 EMBASSY 157cm /2025 //04;EK01;1
DESKA SNOWBOARDOWA K2 EMBASSY 157cm /2025 //05;GJ17;1
DESKA SNOWBOARDOWA K2 EMBASSY 157cm /2025 //06;DI23;1
DESKA SNOWBOARDOWA K2 EMBASSY 157cm /2025 //07;GJ16;1
DESKA SNOWBOARDOWA K2 EMBASSY 157cm /2025 //08;GJ19;1
DESKA SNOWBOARDOWA K2 EMBASSY 157cm /2025 //09;EK04;1
DESKA SNOWBOARDOWA K2 EMBASSY 157cm /2025 //10;DI21;1
DESKA SNOWBOARDOWA HEAD FLOCKA 158cm /2025 //01;BL48;1
DESKA SNOWBOARDOWA HEAD FLOCKA 158cm /2025 //02;BL42;1
DESKA SNOWBOARDOWA HEAD FLOCKA 158cm /2025 //03;EK24;1
DESKA SNOWBOARDOWA HEAD FLOCKA 158cm /2025 //04;FK58;1
DESKA SNOWBOARDOWA HEAD FLOCKA 158cm /2025 //05;FK61;1
DESKA SNOWBOARDOWA HEAD FLOCKA 158cm /2025 //06;BL45;1
DESKA SNOWBOARDOWA HEAD FLOCKA 158cm /2025 //07;BL43;1
DESKA SNOWBOARDOWA HEAD FLOCKA 158cm /2025 //08;EK23;1
DESKA SNOWBOARDOWA HEAD FLOCKA 158cm /2025 //09;BL47;1
DESKA SNOWBOARDOWA HEAD FLOCKA 158cm /2025 //10;BL44;1
DESKA SNOWBOARDOWA K2 EMBASSY 159cm /2025 //01;EK07;1
DESKA SNOWBOARDOWA K2 EMBASSY 159cm /2025 //02;DI27;1
DESKA SNOWBOARDOWA K2 EMBASSY 159cm /2025 //03;GJ21;1
DESKA SNOWBOARDOWA K2 EMBASSY 159cm /2025 //04;FK42;1
DESKA SNOWBOARDOWA K2 EMBASSY 159cm /2025 //05;FK41;1
DESKA SNOWBOARDOWA K2 EMBASSY 159cm /2025 //06;BL24;1
DESKA SNOWBOARDOWA K2 EMBASSY 159cm /2025 //07;CF25;1
DESKA SNOWBOARDOWA K2 EMBASSY 159cm /2025 //08;CF26;1
DESKA SNOWBOARDOWA K2 EMBASSY 159cm /2025 //09;BL22;1
DESKA SNOWBOARDOWA K2 EMBASSY 162cm /2025 //01;EK10;1
DESKA SNOWBOARDOWA K2 EMBASSY 162cm /2025 //02;EK11;1
DESKA SNOWBOARDOWA K2 EMBASSY 162cm /2025 //03;DK85;1
DESKA SNOWBOARDOWA K2 EMBASSY 162cm /2025 //04;DK84;1
DESKA SNOWBOARDOWA K2 EMBASSY 162cm /2025 //05;GN64;1
DESKA SNOWBOARDOWA K2 EMBASSY 162cm /2025 //06;FR92;1
DESKA SNOWBOARDOWA K2 EMBASSY 162cm /2025 //07;BL26;1
DESKA SNOWBOARDOWA HEAD FLOCKA 163cm /2025 //01;BL51;1
DESKA SNOWBOARDOWA HEAD FLOCKA 163cm /2025 //02;FK65;1
DESKA SNOWBOARDOWA HEAD FLOCKA 163cm /2025 //03;FK64;1
DESKA SNOWBOARDOWA HEAD FLOCKA 163cm /2025 //04;BL49;1
DESKA SNOWBOARDOWA HEAD FLOCKA 163cm /2025 //05;BL53;1
DESKA SNOWBOARDOWA HEAD FLOCKA 163cm /2025 //06;BL50;1
DESKA SNOWBOARDOWA HEAD FLOCKA 163cm /2025 //07;FK63;1
DESKA SNOWBOARDOWA HEAD FLOCKA 163cm /2025 //08;EK32;1
DESKA SNOWBOARDOWA HEAD FLOCKA 168cm /2025 //01;FK67;1
BUTY HEAD 4D rozm23 /2025 //01;2363274;1
BUTY HEAD 4D rozm23 /2025 //02;2361493;1
BUTY HEAD 4D rozm23,5 /2025 //01;2632896;1
BUTY HEAD 4D rozm23,5 /2025 //02;2633003;1
BUTY HEAD 4D rozm24 /2025 //01;2361759;1
BUTY HEAD 4D rozm24 /2025 //02;2361660;1
BUTY HEAD 4D rozm24 /2025 //03;2629096;1
BUTY HEAD 4D rozm24 /2025 //04;2361706;1
BUTY HEAD 4D rozm24 /2025 //05;2361665;1
BUTY HEAD 4D rozm24 /2025 //06;2629107;1
BUTY HEAD 4D rozm24,5 /2025 //01;2635808;1
BUTY HEAD 4D rozm24,5 /2025 //02;2361376;1
BUTY HEAD 4D rozm24,5 /2025 //03;2361386;1
BUTY HEAD 4D rozm24,5 /2025 //04;2361369;1
BUTY HEAD 4D rozm24,5 /2025 //05;2361267;1
BUTY HEAD 4D rozm24,5 /2025 //06;2361398;1
BUTY SALOMON rozm 24.5 //01;300000028995;1
BUTY HEAD 4D rozm25 /2025 //01;2637571;1
BUTY HEAD 4D rozm25 /2025 //02;2629526;1
BUTY HEAD 4D rozm25 /2025 //03;2629571;1
BUTY HEAD 4D rozm25 /2025 //04;2631712;1
BUTY HEAD 4D rozm25 /2025 //05;2363595;1
BUTY HEAD 4D rozm25 /2025 //06;2363653;1
BUTY HEAD 4D rozm25,5 /2025 //01;2637920;1
BUTY HEAD 4D rozm25,5 /2025 //02;2635548;1
BUTY HEAD 4D rozm25,5 /2025 //03;2635551;1
BUTY HEAD 4D rozm25,5 /2025 //04;2635401;1
BUTY HEAD 4D rozm25,5 /2025 //05;2634003;1
BUTY HEAD 4D rozm25,5 /2025 //06;2637930;1
BUTY HEAD 4D rozm26 /2025 //01;2361117;1
BUTY HEAD 4D rozm26 /2025 //02;2629808;1
BUTY HEAD 4D rozm26 /2025 //03;2629863;1
BUTY HEAD 4D rozm 26 //04;2353893;1
BUTY HEAD 4D rozm 26 //05;1076128;1
BUTY HEAD 4D rozm 26 //06;A01572;1
BUTY HEAD rozm 26.5 //01;1243086;1
BUTY HEAD rozm 26.5 //02;1504220;1
BUTY HEAD rozm 26.5 //03;1504225;1
BUTY HEAD rozm 26.5 //04;2348119;1
BUTY HEAD rozm 26.5 //05;1243151;1
BUTY HEAD rozm 26.5 //06;1504208;1
BUTY HEAD rozm 26.5 //07;1243258;1
BUTY SALOMON rozm 26.5 //03;300000025942;1
BUTY SALOMON rozm 26.5 //04;300000028014;1
BUTY HEAD 4D rozm27 /2025 //01;2635036;1
BUTY HEAD 4D rozm27 /2025 //02;2635056;1
BUTY HEAD 4D rozm27 /2025 //03;2635004;1
BUTY HEAD 4D rozm27 /2025 //04;2636498;1
BUTY HEAD 4D rozm27 /2025 //05;1451848;1
BUTY HEAD 4D rozm27 /2025 //06;2635081;1
BUTY HEAD 4D rozm27,5 /2025 //01;2350850;1
BUTY HEAD 4D rozm27,5 /2025 //02;2350849;1
BUTY HEAD 4D rozm27,5 /2025 //03;2350886;1
BUTY HEAD 4D rozm27,5 /2025 //04;2347589;1
BUTY HEAD 4D rozm27,5 /2025 //05;2352763;1
BUTY HEAD 4D rozm27,5 /2025 //06;2350844;1
BUTY SALOMON rozm 27.5 //03;300000024145;1
BUTY SALOMON rozm 27.5 //04;300000024150;1
BUTY HEAD 4D rozm28 /2025 //01;2628940;1
BUTY HEAD 4D rozm28 /2025 //02;2632312;1
BUTY HEAD 4D rozm28 /2025 //03;2628946;1
BUTY HEAD 4D rozm28 /2025 //04;2632280;1
BUTY HEAD 4D rozm28 /2025 //05;2344357;1
BUTY HEAD 4D rozm28 /2025 //06;2632233;1
BUTY HEAD rozm 28.5 //001;1488284;1
BUTY HEAD rozm 28.5 //002;1076727;1
BUTY HEAD rozm 28.5 //003;1076842;1
BUTY HEAD rozm 28.5 //004;1498006;1
BUTY HEAD rozm 28.5 //005;1076884;1
BUTY HEAD rozm 28.5 //006;1076928;1
BUTY SALOMON rozm 28.5 //001;300000027171;1
BUTY SALOMON rozm 28.5 //002;300000027163;1
BUTY SALOMON rozm 28.5 //003;300000027109;1
BUTY SALOMON rozm 28.5 //004;300000027607;1
BUTY HEAD rozm 29 //01;1500811;1
BUTY HEAD rozm 29 //03;1489498;1
BUTY HEAD rozm 29 //04;1500769;1
BUTY HEAD rozm 29 //05;2352710;1
BUTY HEAD rozm 29 //06;1443746;1
BUTY HEAD rozm 29.5 //01;1271675;1
BUTY HEAD rozm 29.5 //03;1075093;1
BUTY HEAD rozm 29.5 //04;1455210;1
BUTY HEAD rozm 29.5 //05;1456172;1
BUTY HEAD rozm 29.5 //07;1075052;1
BUTY HEAD rozm 30 //02;0809270;1
BUTY HEAD rozm 30 //03;1053906;1
BUTY HEAD rozm 30.5 //01;1228182;1
BUTY HEAD rozm 30.5 //02;1500165;1
BUTY HEAD rozm31.5 //01;1467801;1
KIJKI 75cm;K75;3
KIJKI 80cm;K80;20
KIJKI 85cm;K85;20
KIJKI 90cm;K90;35
KIJKI 95cm;K95;36
KIJKI 100cm;K100;30
KIJKI 105cm;K105;50
KIJKI 110cm;K110;80
KIJKI 115cm;K115;76
KIJKI 120cm;K120;93
KIJKI 125cm;K125;101
KIJKI 130cm;K130;66
KIJKI 135cm;K135;30
POKOROWIEC;;1
POKOROWIEC BUTY;;1
POKOROWIEC BUTY JR;;1
POKOROWIEC NARTY 140;;1
POKOROWIEC NARTY 180;;1
POKOROWIEC SNOWBOARD;;1
PROMOTOR;;1 000
SKI MOJO GOLD;;1
BUTY NORDICA SPEEDMACHINE 100 rozm28 //01;B123;1
NARTY ATOMIC REDSTER RTI 170cm //01;;1
NARTY VOLKL DEACON 158cm //01;A01187;1
